,name,number,v_base,load_type,connect,Pa,Pb,Pc,Qa,Qb,Qc
sourcebus,sourcebus,0,230.0163472451469,S,Y,0.0,0.0,0.0,0.0,0.0,0.0
sourcebusz,sourcebusz,1,230.0163472451469,0.0,Y,0.0,0.0,0.0,0.0,0.0,0.0
1,1,2,230.0163472451469,0.0,Y,0.0,0.0,0.0,0.0,0.0,0.0
2,2,3,230.0163472451469,0.0,Y,0.0,0.0,0.0,0.0,0.0,0.0
3,3,4,230.0163472451469,0.0,Y,0.0,0.0,0.0,0.0,0.0,0.0
4,4,5,230.0163472451469,0.0,Y,0.0,0.0,0.0,0.0,0.0,0.0
5,5,6,230.0163472451469,0.0,Y,0.0,0.0,0.0,0.0,0.0,0.0
6,6,7,230.0163472451469,0.0,Y,0.0,0.0,0.0,0.0,0.0,0.0
7,7,8,230.0163472451469,0.0,Y,0.0,0.0,0.0,0.0,0.0,0.0
8,8,9,230.0163472451469,0.0,Y,0.0,0.0,0.0,0.0,0.0,0.0
9,9,10,230.0163472451469,0.0,Y,0.0,0.0,0.0,0.0,0.0,0.0
10,10,11,230.0163472451469,0.0,Y,0.0,0.0,0.0,0.0,0.0,0.0
11,11,12,230.0163472451469,0.0,Y,0.0,0.0,0.0,0.0,0.0,0.0
12,12,13,230.0163472451469,0.0,Y,0.0,0.0,0.0,0.0,0.0,0.0
13,13,14,230.0163472451469,0.0,Y,0.0,0.0,0.0,0.0,0.0,0.0
14,14,15,230.0163472451469,0.0,Y,0.0,0.0,0.0,0.0,0.0,0.0
15,15,16,230.0163472451469,0.0,Y,0.0,0.0,0.0,0.0,0.0,0.0
16,16,17,230.0163472451469,0.0,Y,0.0,0.0,0.0,0.0,0.0,0.0
17,17,18,230.0163472451469,0.0,Y,0.0,0.0,0.0,0.0,0.0,0.0
18,18,19,230.0163472451469,0.0,Y,0.0,0.0,0.0,0.0,0.0,0.0
19,19,20,230.0163472451469,0.0,Y,0.0,0.0,0.0,0.0,0.0,0.0
20,20,21,230.0163472451469,0.0,Y,0.0,0.0,0.0,0.0,0.0,0.0
21,21,22,230.0163472451469,0.0,Y,0.0,0.0,0.0,0.0,0.0,0.0
22,22,23,230.0163472451469,0.0,Y,0.0,0.0,0.0,0.0,0.0,0.0
23,23,24,230.0163472451469,0.0,Y,0.0,0.0,0.0,0.0,0.0,0.0
24,24,25,230.0163472451469,0.0,Y,0.0,0.0,0.0,0.0,0.0,0.0
25,25,26,230.0163472451469,0.0,Y,0.0,0.0,0.0,0.0,0.0,0.0
26,26,27,230.0163472451469,0.0,Y,0.0,0.0,0.0,0.0,0.0,0.0
27,27,28,230.0163472451469,0.0,Y,0.0,0.0,0.0,0.0,0.0,0.0
28,28,29,230.0163472451469,0.0,Y,0.0,0.0,0.0,0.0,0.0,0.0
29,29,30,230.0163472451469,0.0,Y,0.0,0.0,0.0,0.0,0.0,0.0
30,30,31,230.0163472451469,0.0,Y,0.0,0.0,0.0,0.0,0.0,0.0
31,31,32,230.0163472451469,0.0,Y,0.0,0.0,0.0,0.0,0.0,0.0
32,32,33,230.0163472451469,0.0,Y,0.0,0.0,0.0,0.0,0.0,0.0
33,33,34,230.0163472451469,0.0,Y,0.0,0.0,0.0,0.0,0.0,0.0
34,34,35,230.0163472451469,0.0,Y,0.0,0.0,0.0,0.0,0.0,0.0
35,35,36,230.0163472451469,0.0,Y,0.0,0.0,0.0,0.0,0.0,0.0
36,36,37,230.0163472451469,0.0,Y,0.0,0.0,0.0,0.0,0.0,0.0
37,37,38,230.0163472451469,0.0,Y,0.0,0.0,0.0,0.0,0.0,0.0
38,38,39,230.0163472451469,0.0,Y,0.0,0.0,0.0,0.0,0.0,0.0
39,39,40,230.0163472451469,0.0,Y,0.0,0.0,0.0,0.0,0.0,0.0
40,40,41,230.0163472451469,0.0,Y,0.0,0.0,0.0,0.0,0.0,0.0
41,41,42,230.0163472451469,0.0,Y,0.0,0.0,0.0,0.0,0.0,0.0
42,42,43,230.0163472451469,0.0,Y,0.0,0.0,0.0,0.0,0.0,0.0
43,43,44,230.0163472451469,0.0,Y,0.0,0.0,0.0,0.0,0.0,0.0
44,44,45,230.0163472451469,0.0,Y,0.0,0.0,0.0,0.0,0.0,0.0
45,45,46,230.0163472451469,0.0,Y,0.0,0.0,0.0,0.0,0.0,0.0
46,46,47,230.0163472451469,0.0,Y,0.0,0.0,0.0,0.0,0.0,0.0
47,47,48,230.0163472451469,0.0,Y,0.0,0.0,0.0,0.0,0.0,0.0
48,48,49,230.0163472451469,0.0,Y,0.0,0.0,0.0,0.0,0.0,0.0
49,49,50,230.0163472451469,0.0,Y,0.0,0.0,0.0,0.0,0.0,0.0
50,50,51,230.0163472451469,0.0,Y,0.0,0.0,0.0,0.0,0.0,0.0
51,51,52,230.0163472451469,0.0,Y,0.0,0.0,0.0,0.0,0.0,0.0
52,52,53,230.0163472451469,0.0,Y,0.0,0.0,0.0,0.0,0.0,0.0
53,53,54,230.0163472451469,0.0,Y,0.0,0.0,0.0,0.0,0.0,0.0
54,54,55,230.0163472451469,0.0,Y,0.0,0.0,0.0,0.0,0.0,0.0
55,55,56,230.0163472451469,0.0,Y,0.0,0.0,0.0,0.0,0.0,0.0
56,56,57,230.0163472451469,0.0,Y,0.0,0.0,0.0,0.0,0.0,0.0
57,57,58,230.0163472451469,0.0,Y,0.0,0.0,0.0,0.0,0.0,0.0
58,58,59,230.0163472451469,0.0,Y,0.0,0.0,0.0,0.0,0.0,0.0
59,59,60,230.0163472451469,0.0,Y,0.0,0.0,0.0,0.0,0.0,0.0
60,60,61,230.0163472451469,0.0,Y,0.0,0.0,0.0,0.0,0.0,0.0
61,61,62,230.0163472451469,0.0,Y,0.0,0.0,0.0,0.0,0.0,0.0
62,62,63,230.0163472451469,0.0,Y,0.0,0.0,0.0,0.0,0.0,0.0
63,63,64,230.0163472451469,0.0,Y,0.0,0.0,0.0,0.0,0.0,0.0
64,64,65,230.0163472451469,0.0,Y,0.0,0.0,0.0,0.0,0.0,0.0
65,65,66,230.0163472451469,0.0,Y,0.0,0.0,0.0,0.0,0.0,0.0
66,66,67,230.0163472451469,0.0,Y,0.0,0.0,0.0,0.0,0.0,0.0
67,67,68,230.0163472451469,0.0,Y,0.0,0.0,0.0,0.0,0.0,0.0
68,68,69,230.0163472451469,0.0,Y,0.0,0.0,0.0,0.0,0.0,0.0
69,69,70,230.0163472451469,0.0,Y,0.0,0.0,0.0,0.0,0.0,0.0
70,70,71,230.0163472451469,0.0,Y,0.0,0.0,0.0,0.0,0.0,0.0
71,71,72,230.0163472451469,0.0,Y,0.0,0.0,0.0,0.0,0.0,0.0
72,72,73,230.0163472451469,0.0,Y,0.0,0.0,0.0,0.0,0.0,0.0
73,73,74,230.0163472451469,0.0,Y,0.0,0.0,0.0,0.0,0.0,0.0
74,74,75,230.0163472451469,0.0,Y,0.0,0.0,0.0,0.0,0.0,0.0
75,75,76,230.0163472451469,0.0,Y,0.0,0.0,0.0,0.0,0.0,0.0
76,76,77,230.0163472451469,0.0,Y,0.0,0.0,0.0,0.0,0.0,0.0
77,77,78,230.0163472451469,0.0,Y,0.0,0.0,0.0,0.0,0.0,0.0
78,78,79,230.0163472451469,0.0,Y,0.0,0.0,0.0,0.0,0.0,0.0
79,79,80,230.0163472451469,0.0,Y,0.0,0.0,0.0,0.0,0.0,0.0
80,80,81,230.0163472451469,0.0,Y,0.0,0.0,0.0,0.0,0.0,0.0
81,81,82,230.0163472451469,0.0,Y,0.0,0.0,0.0,0.0,0.0,0.0
82,82,83,230.0163472451469,0.0,Y,0.0,0.0,0.0,0.0,0.0,0.0
83,83,84,230.0163472451469,0.0,Y,0.0,0.0,0.0,0.0,0.0,0.0
84,84,85,230.0163472451469,0.0,Y,0.0,0.0,0.0,0.0,0.0,0.0
85,85,86,230.0163472451469,0.0,Y,0.0,0.0,0.0,0.0,0.0,0.0
86,86,87,230.0163472451469,0.0,Y,0.0,0.0,0.0,0.0,0.0,0.0
87,87,88,230.0163472451469,0.0,Y,0.0,0.0,0.0,0.0,0.0,0.0
88,88,89,230.0163472451469,0.0,Y,0.0,0.0,0.0,0.0,0.0,0.0
89,89,90,230.0163472451469,0.0,Y,0.0,0.0,0.0,0.0,0.0,0.0
90,90,91,230.0163472451469,0.0,Y,0.0,0.0,0.0,0.0,0.0,0.0
91,91,92,230.0163472451469,0.0,Y,0.0,0.0,0.0,0.0,0.0,0.0
92,92,93,230.0163472451469,0.0,Y,0.0,0.0,0.0,0.0,0.0,0.0
93,93,94,230.0163472451469,0.0,Y,0.0,0.0,0.0,0.0,0.0,0.0
94,94,95,230.0163472451469,0.0,Y,0.0,0.0,0.0,0.0,0.0,0.0
95,95,96,230.0163472451469,0.0,Y,0.0,0.0,0.0,0.0,0.0,0.0
96,96,97,230.0163472451469,0.0,Y,0.0,0.0,0.0,0.0,0.0,0.0
97,97,98,230.0163472451469,0.0,Y,0.0,0.0,0.0,0.0,0.0,0.0
98,98,99,230.0163472451469,0.0,Y,0.0,0.0,0.0,0.0,0.0,0.0
99,99,100,230.0163472451469,0.0,Y,0.0,0.0,0.0,0.0,0.0,0.0
100,100,101,230.0163472451469,0.0,Y,0.0,0.0,0.0,0.0,0.0,0.0
101,101,102,230.0163472451469,0.0,Y,0.0,0.0,0.0,0.0,0.0,0.0
102,102,103,230.0163472451469,0.0,Y,0.0,0.0,0.0,0.0,0.0,0.0
103,103,104,230.0163472451469,0.0,Y,0.0,0.0,0.0,0.0,0.0,0.0
104,104,105,230.0163472451469,0.0,Y,0.0,0.0,0.0,0.0,0.0,0.0
105,105,106,230.0163472451469,0.0,Y,0.0,0.0,0.0,0.0,0.0,0.0
106,106,107,230.0163472451469,0.0,Y,0.0,0.0,0.0,0.0,0.0,0.0
107,107,108,230.0163472451469,0.0,Y,0.0,0.0,0.0,0.0,0.0,0.0
108,108,109,230.0163472451469,0.0,Y,0.0,0.0,0.0,0.0,0.0,0.0
109,109,110,230.0163472451469,0.0,Y,0.0,0.0,0.0,0.0,0.0,0.0
110,110,111,230.0163472451469,0.0,Y,0.0,0.0,0.0,0.0,0.0,0.0
111,111,112,230.0163472451469,0.0,Y,0.0,0.0,0.0,0.0,0.0,0.0
112,112,113,230.0163472451469,0.0,Y,0.0,0.0,0.0,0.0,0.0,0.0
113,113,114,230.0163472451469,0.0,Y,0.0,0.0,0.0,0.0,0.0,0.0
114,114,115,230.0163472451469,0.0,Y,0.0,0.0,0.0,0.0,0.0,0.0
115,115,116,230.0163472451469,0.0,Y,0.0,0.0,0.0,0.0,0.0,0.0
116,116,117,230.0163472451469,0.0,Y,0.0,0.0,0.0,0.0,0.0,0.0
117,117,118,230.0163472451469,0.0,Y,0.0,0.0,0.0,0.0,0.0,0.0
118,118,119,230.0163472451469,0.0,Y,0.0,0.0,0.0,0.0,0.0,0.0
119,119,120,230.0163472451469,0.0,Y,0.0,0.0,0.0,0.0,0.0,0.0
120,120,121,230.0163472451469,0.0,Y,0.0,0.0,0.0,0.0,0.0,0.0
121,121,122,230.0163472451469,0.0,Y,0.0,0.0,0.0,0.0,0.0,0.0
122,122,123,230.0163472451469,0.0,Y,0.0,0.0,0.0,0.0,0.0,0.0
123,123,124,230.0163472451469,0.0,Y,0.0,0.0,0.0,0.0,0.0,0.0
124,124,125,230.0163472451469,0.0,Y,0.0,0.0,0.0,0.0,0.0,0.0
125,125,126,230.0163472451469,0.0,Y,0.0,0.0,0.0,0.0,0.0,0.0
126,126,127,230.0163472451469,0.0,Y,0.0,0.0,0.0,0.0,0.0,0.0
127,127,128,230.0163472451469,0.0,Y,0.0,0.0,0.0,0.0,0.0,0.0
128,128,129,230.0163472451469,0.0,Y,0.0,0.0,0.0,0.0,0.0,0.0
129,129,130,230.0163472451469,0.0,Y,0.0,0.0,0.0,0.0,0.0,0.0
130,130,131,230.0163472451469,0.0,Y,0.0,0.0,0.0,0.0,0.0,0.0
131,131,132,230.0163472451469,0.0,Y,0.0,0.0,0.0,0.0,0.0,0.0
132,132,133,230.0163472451469,0.0,Y,0.0,0.0,0.0,0.0,0.0,0.0
133,133,134,230.0163472451469,0.0,Y,0.0,0.0,0.0,0.0,0.0,0.0
134,134,135,230.0163472451469,0.0,Y,0.0,0.0,0.0,0.0,0.0,0.0
135,135,136,230.0163472451469,0.0,Y,0.0,0.0,0.0,0.0,0.0,0.0
136,136,137,230.0163472451469,0.0,Y,0.0,0.0,0.0,0.0,0.0,0.0
137,137,138,230.0163472451469,0.0,Y,0.0,0.0,0.0,0.0,0.0,0.0
138,138,139,230.0163472451469,0.0,Y,0.0,0.0,0.0,0.0,0.0,0.0
139,139,140,230.0163472451469,0.0,Y,0.0,0.0,0.0,0.0,0.0,0.0
140,140,141,230.0163472451469,0.0,Y,0.0,0.0,0.0,0.0,0.0,0.0
141,141,142,230.0163472451469,0.0,Y,0.0,0.0,0.0,0.0,0.0,0.0
142,142,143,230.0163472451469,0.0,Y,0.0,0.0,0.0,0.0,0.0,0.0
143,143,144,230.0163472451469,0.0,Y,0.0,0.0,0.0,0.0,0.0,0.0
144,144,145,230.0163472451469,0.0,Y,0.0,0.0,0.0,0.0,0.0,0.0
145,145,146,230.0163472451469,0.0,Y,0.0,0.0,0.0,0.0,0.0,0.0
146,146,147,230.0163472451469,0.0,Y,0.0,0.0,0.0,0.0,0.0,0.0
147,147,148,230.0163472451469,0.0,Y,0.0,0.0,0.0,0.0,0.0,0.0
148,148,149,230.0163472451469,0.0,Y,0.0,0.0,0.0,0.0,0.0,0.0
149,149,150,230.0163472451469,0.0,Y,0.0,0.0,0.0,0.0,0.0,0.0
150,150,151,230.0163472451469,0.0,Y,0.0,0.0,0.0,0.0,0.0,0.0
151,151,152,230.0163472451469,0.0,Y,0.0,0.0,0.0,0.0,0.0,0.0
152,152,153,230.0163472451469,0.0,Y,0.0,0.0,0.0,0.0,0.0,0.0
153,153,154,230.0163472451469,0.0,Y,0.0,0.0,0.0,0.0,0.0,0.0
154,154,155,230.0163472451469,0.0,Y,0.0,0.0,0.0,0.0,0.0,0.0
155,155,156,230.0163472451469,0.0,Y,0.0,0.0,0.0,0.0,0.0,0.0
156,156,157,230.0163472451469,0.0,Y,0.0,0.0,0.0,0.0,0.0,0.0
157,157,158,230.0163472451469,PQ,Y,1.0,0.0,0.0,0.3286841051788632,0.0,0.0
158,158,159,230.0163472451469,0.0,Y,0.0,0.0,0.0,0.0,0.0,0.0
159,159,160,230.0163472451469,0.0,Y,0.0,0.0,0.0,0.0,0.0,0.0
160,160,161,230.0163472451469,0.0,Y,0.0,0.0,0.0,0.0,0.0,0.0
161,161,162,230.0163472451469,0.0,Y,0.0,0.0,0.0,0.0,0.0,0.0
162,162,163,230.0163472451469,PQ,Y,0.0,1.0,0.0,0.0,0.3286841051788632,0.0
163,163,164,230.0163472451469,0.0,Y,0.0,0.0,0.0,0.0,0.0,0.0
164,164,165,230.0163472451469,0.0,Y,0.0,0.0,0.0,0.0,0.0,0.0
165,165,166,230.0163472451469,0.0,Y,0.0,0.0,0.0,0.0,0.0,0.0
166,166,167,230.0163472451469,0.0,Y,0.0,0.0,0.0,0.0,0.0,0.0
167,167,168,230.0163472451469,0.0,Y,0.0,0.0,0.0,0.0,0.0,0.0
168,168,169,230.0163472451469,0.0,Y,0.0,0.0,0.0,0.0,0.0,0.0
169,169,170,230.0163472451469,0.0,Y,0.0,0.0,0.0,0.0,0.0,0.0
170,170,171,230.0163472451469,PQ,Y,0.0,0.0,1.0,0.0,0.0,0.3286841051788632
171,171,172,230.0163472451469,0.0,Y,0.0,0.0,0.0,0.0,0.0,0.0
172,172,173,230.0163472451469,0.0,Y,0.0,0.0,0.0,0.0,0.0,0.0
173,173,174,230.0163472451469,0.0,Y,0.0,0.0,0.0,0.0,0.0,0.0
174,174,175,230.0163472451469,0.0,Y,0.0,0.0,0.0,0.0,0.0,0.0
175,175,176,230.0163472451469,0.0,Y,0.0,0.0,0.0,0.0,0.0,0.0
176,176,177,230.0163472451469,0.0,Y,0.0,0.0,0.0,0.0,0.0,0.0
177,177,178,230.0163472451469,0.0,Y,0.0,0.0,0.0,0.0,0.0,0.0
178,178,179,230.0163472451469,0.0,Y,0.0,0.0,0.0,0.0,0.0,0.0
179,179,180,230.0163472451469,0.0,Y,0.0,0.0,0.0,0.0,0.0,0.0
180,180,181,230.0163472451469,0.0,Y,0.0,0.0,0.0,0.0,0.0,0.0
181,181,182,230.0163472451469,0.0,Y,0.0,0.0,0.0,0.0,0.0,0.0
182,182,183,230.0163472451469,0.0,Y,0.0,0.0,0.0,0.0,0.0,0.0
183,183,184,230.0163472451469,0.0,Y,0.0,0.0,0.0,0.0,0.0,0.0
184,184,185,230.0163472451469,0.0,Y,0.0,0.0,0.0,0.0,0.0,0.0
185,185,186,230.0163472451469,0.0,Y,0.0,0.0,0.0,0.0,0.0,0.0
186,186,187,230.0163472451469,0.0,Y,0.0,0.0,0.0,0.0,0.0,0.0
187,187,188,230.0163472451469,0.0,Y,0.0,0.0,0.0,0.0,0.0,0.0
188,188,189,230.0163472451469,0.0,Y,0.0,0.0,0.0,0.0,0.0,0.0
189,189,190,230.0163472451469,0.0,Y,0.0,0.0,0.0,0.0,0.0,0.0
190,190,191,230.0163472451469,0.0,Y,0.0,0.0,0.0,0.0,0.0,0.0
191,191,192,230.0163472451469,0.0,Y,0.0,0.0,0.0,0.0,0.0,0.0
192,192,193,230.0163472451469,0.0,Y,0.0,0.0,0.0,0.0,0.0,0.0
193,193,194,230.0163472451469,0.0,Y,0.0,0.0,0.0,0.0,0.0,0.0
194,194,195,230.0163472451469,0.0,Y,0.0,0.0,0.0,0.0,0.0,0.0
195,195,196,230.0163472451469,0.0,Y,0.0,0.0,0.0,0.0,0.0,0.0
196,196,197,230.0163472451469,0.0,Y,0.0,0.0,0.0,0.0,0.0,0.0
197,197,198,230.0163472451469,0.0,Y,0.0,0.0,0.0,0.0,0.0,0.0
198,198,199,230.0163472451469,0.0,Y,0.0,0.0,0.0,0.0,0.0,0.0
199,199,200,230.0163472451469,0.0,Y,0.0,0.0,0.0,0.0,0.0,0.0
200,200,201,230.0163472451469,0.0,Y,0.0,0.0,0.0,0.0,0.0,0.0
201,201,202,230.0163472451469,0.0,Y,0.0,0.0,0.0,0.0,0.0,0.0
202,202,203,230.0163472451469,0.0,Y,0.0,0.0,0.0,0.0,0.0,0.0
203,203,204,230.0163472451469,0.0,Y,0.0,0.0,0.0,0.0,0.0,0.0
204,204,205,230.0163472451469,0.0,Y,0.0,0.0,0.0,0.0,0.0,0.0
205,205,206,230.0163472451469,0.0,Y,0.0,0.0,0.0,0.0,0.0,0.0
206,206,207,230.0163472451469,0.0,Y,0.0,0.0,0.0,0.0,0.0,0.0
207,207,208,230.0163472451469,0.0,Y,0.0,0.0,0.0,0.0,0.0,0.0
208,208,209,230.0163472451469,PQ,Y,1.0,0.0,0.0,0.3286841051788632,0.0,0.0
209,209,210,230.0163472451469,0.0,Y,0.0,0.0,0.0,0.0,0.0,0.0
210,210,211,230.0163472451469,0.0,Y,0.0,0.0,0.0,0.0,0.0,0.0
211,211,212,230.0163472451469,0.0,Y,0.0,0.0,0.0,0.0,0.0,0.0
212,212,213,230.0163472451469,0.0,Y,0.0,0.0,0.0,0.0,0.0,0.0
213,213,214,230.0163472451469,0.0,Y,0.0,0.0,0.0,0.0,0.0,0.0
214,214,215,230.0163472451469,0.0,Y,0.0,0.0,0.0,0.0,0.0,0.0
215,215,216,230.0163472451469,0.0,Y,0.0,0.0,0.0,0.0,0.0,0.0
216,216,217,230.0163472451469,0.0,Y,0.0,0.0,0.0,0.0,0.0,0.0
217,217,218,230.0163472451469,0.0,Y,0.0,0.0,0.0,0.0,0.0,0.0
218,218,219,230.0163472451469,0.0,Y,0.0,0.0,0.0,0.0,0.0,0.0
219,219,220,230.0163472451469,0.0,Y,0.0,0.0,0.0,0.0,0.0,0.0
220,220,221,230.0163472451469,0.0,Y,0.0,0.0,0.0,0.0,0.0,0.0
221,221,222,230.0163472451469,0.0,Y,0.0,0.0,0.0,0.0,0.0,0.0
222,222,223,230.0163472451469,0.0,Y,0.0,0.0,0.0,0.0,0.0,0.0
223,223,224,230.0163472451469,0.0,Y,0.0,0.0,0.0,0.0,0.0,0.0
224,224,225,230.0163472451469,0.0,Y,0.0,0.0,0.0,0.0,0.0,0.0
225,225,226,230.0163472451469,0.0,Y,0.0,0.0,0.0,0.0,0.0,0.0
226,226,227,230.0163472451469,0.0,Y,0.0,0.0,0.0,0.0,0.0,0.0
227,227,228,230.0163472451469,0.0,Y,0.0,0.0,0.0,0.0,0.0,0.0
228,228,229,230.0163472451469,0.0,Y,0.0,0.0,0.0,0.0,0.0,0.0
229,229,230,230.0163472451469,0.0,Y,0.0,0.0,0.0,0.0,0.0,0.0
230,230,231,230.0163472451469,0.0,Y,0.0,0.0,0.0,0.0,0.0,0.0
231,231,232,230.0163472451469,0.0,Y,0.0,0.0,0.0,0.0,0.0,0.0
232,232,233,230.0163472451469,0.0,Y,0.0,0.0,0.0,0.0,0.0,0.0
233,233,234,230.0163472451469,0.0,Y,0.0,0.0,0.0,0.0,0.0,0.0
234,234,235,230.0163472451469,0.0,Y,0.0,0.0,0.0,0.0,0.0,0.0
235,235,236,230.0163472451469,0.0,Y,0.0,0.0,0.0,0.0,0.0,0.0
236,236,237,230.0163472451469,0.0,Y,0.0,0.0,0.0,0.0,0.0,0.0
237,237,238,230.0163472451469,0.0,Y,0.0,0.0,0.0,0.0,0.0,0.0
238,238,239,230.0163472451469,0.0,Y,0.0,0.0,0.0,0.0,0.0,0.0
239,239,240,230.0163472451469,0.0,Y,0.0,0.0,0.0,0.0,0.0,0.0
240,240,241,230.0163472451469,0.0,Y,0.0,0.0,0.0,0.0,0.0,0.0
241,241,242,230.0163472451469,0.0,Y,0.0,0.0,0.0,0.0,0.0,0.0
242,242,243,230.0163472451469,0.0,Y,0.0,0.0,0.0,0.0,0.0,0.0
243,243,244,230.0163472451469,0.0,Y,0.0,0.0,0.0,0.0,0.0,0.0
244,244,245,230.0163472451469,0.0,Y,0.0,0.0,0.0,0.0,0.0,0.0
245,245,246,230.0163472451469,0.0,Y,0.0,0.0,0.0,0.0,0.0,0.0
246,246,247,230.0163472451469,0.0,Y,0.0,0.0,0.0,0.0,0.0,0.0
247,247,248,230.0163472451469,0.0,Y,0.0,0.0,0.0,0.0,0.0,0.0
248,248,249,230.0163472451469,0.0,Y,0.0,0.0,0.0,0.0,0.0,0.0
249,249,250,230.0163472451469,0.0,Y,0.0,0.0,0.0,0.0,0.0,0.0
250,250,251,230.0163472451469,0.0,Y,0.0,0.0,0.0,0.0,0.0,0.0
251,251,252,230.0163472451469,0.0,Y,0.0,0.0,0.0,0.0,0.0,0.0
252,252,253,230.0163472451469,0.0,Y,0.0,0.0,0.0,0.0,0.0,0.0
253,253,254,230.0163472451469,0.0,Y,0.0,0.0,0.0,0.0,0.0,0.0
254,254,255,230.0163472451469,0.0,Y,0.0,0.0,0.0,0.0,0.0,0.0
255,255,256,230.0163472451469,0.0,Y,0.0,0.0,0.0,0.0,0.0,0.0
256,256,257,230.0163472451469,0.0,Y,0.0,0.0,0.0,0.0,0.0,0.0
257,257,258,230.0163472451469,0.0,Y,0.0,0.0,0.0,0.0,0.0,0.0
258,258,259,230.0163472451469,0.0,Y,0.0,0.0,0.0,0.0,0.0,0.0
259,259,260,230.0163472451469,0.0,Y,0.0,0.0,0.0,0.0,0.0,0.0
260,260,261,230.0163472451469,0.0,Y,0.0,0.0,0.0,0.0,0.0,0.0
261,261,262,230.0163472451469,0.0,Y,0.0,0.0,0.0,0.0,0.0,0.0
262,262,263,230.0163472451469,0.0,Y,0.0,0.0,0.0,0.0,0.0,0.0
263,263,264,230.0163472451469,0.0,Y,0.0,0.0,0.0,0.0,0.0,0.0
264,264,265,230.0163472451469,0.0,Y,0.0,0.0,0.0,0.0,0.0,0.0
265,265,266,230.0163472451469,0.0,Y,0.0,0.0,0.0,0.0,0.0,0.0
266,266,267,230.0163472451469,0.0,Y,0.0,0.0,0.0,0.0,0.0,0.0
267,267,268,230.0163472451469,0.0,Y,0.0,0.0,0.0,0.0,0.0,0.0
268,268,269,230.0163472451469,0.0,Y,0.0,0.0,0.0,0.0,0.0,0.0
269,269,270,230.0163472451469,0.0,Y,0.0,0.0,0.0,0.0,0.0,0.0
270,270,271,230.0163472451469,PQ,Y,0.0,1.0,0.0,0.0,0.3286841051788632,0.0
271,271,272,230.0163472451469,0.0,Y,0.0,0.0,0.0,0.0,0.0,0.0
272,272,273,230.0163472451469,0.0,Y,0.0,0.0,0.0,0.0,0.0,0.0
273,273,274,230.0163472451469,0.0,Y,0.0,0.0,0.0,0.0,0.0,0.0
274,274,275,230.0163472451469,0.0,Y,0.0,0.0,0.0,0.0,0.0,0.0
275,275,276,230.0163472451469,0.0,Y,0.0,0.0,0.0,0.0,0.0,0.0
276,276,277,230.0163472451469,0.0,Y,0.0,0.0,0.0,0.0,0.0,0.0
277,277,278,230.0163472451469,0.0,Y,0.0,0.0,0.0,0.0,0.0,0.0
278,278,279,230.0163472451469,0.0,Y,0.0,0.0,0.0,0.0,0.0,0.0
279,279,280,230.0163472451469,0.0,Y,0.0,0.0,0.0,0.0,0.0,0.0
280,280,281,230.0163472451469,0.0,Y,0.0,0.0,0.0,0.0,0.0,0.0
281,281,282,230.0163472451469,0.0,Y,0.0,0.0,0.0,0.0,0.0,0.0
282,282,283,230.0163472451469,0.0,Y,0.0,0.0,0.0,0.0,0.0,0.0
283,283,284,230.0163472451469,0.0,Y,0.0,0.0,0.0,0.0,0.0,0.0
284,284,285,230.0163472451469,0.0,Y,0.0,0.0,0.0,0.0,0.0,0.0
285,285,286,230.0163472451469,0.0,Y,0.0,0.0,0.0,0.0,0.0,0.0
286,286,287,230.0163472451469,0.0,Y,0.0,0.0,0.0,0.0,0.0,0.0
287,287,288,230.0163472451469,0.0,Y,0.0,0.0,0.0,0.0,0.0,0.0
288,288,289,230.0163472451469,0.0,Y,0.0,0.0,0.0,0.0,0.0,0.0
289,289,290,230.0163472451469,0.0,Y,0.0,0.0,0.0,0.0,0.0,0.0
290,290,291,230.0163472451469,0.0,Y,0.0,0.0,0.0,0.0,0.0,0.0
291,291,292,230.0163472451469,0.0,Y,0.0,0.0,0.0,0.0,0.0,0.0
292,292,293,230.0163472451469,0.0,Y,0.0,0.0,0.0,0.0,0.0,0.0
293,293,294,230.0163472451469,0.0,Y,0.0,0.0,0.0,0.0,0.0,0.0
294,294,295,230.0163472451469,0.0,Y,0.0,0.0,0.0,0.0,0.0,0.0
295,295,296,230.0163472451469,0.0,Y,0.0,0.0,0.0,0.0,0.0,0.0
296,296,297,230.0163472451469,0.0,Y,0.0,0.0,0.0,0.0,0.0,0.0
297,297,298,230.0163472451469,0.0,Y,0.0,0.0,0.0,0.0,0.0,0.0
298,298,299,230.0163472451469,0.0,Y,0.0,0.0,0.0,0.0,0.0,0.0
299,299,300,230.0163472451469,0.0,Y,0.0,0.0,0.0,0.0,0.0,0.0
300,300,301,230.0163472451469,0.0,Y,0.0,0.0,0.0,0.0,0.0,0.0
301,301,302,230.0163472451469,0.0,Y,0.0,0.0,0.0,0.0,0.0,0.0
302,302,303,230.0163472451469,0.0,Y,0.0,0.0,0.0,0.0,0.0,0.0
303,303,304,230.0163472451469,0.0,Y,0.0,0.0,0.0,0.0,0.0,0.0
304,304,305,230.0163472451469,0.0,Y,0.0,0.0,0.0,0.0,0.0,0.0
305,305,306,230.0163472451469,0.0,Y,0.0,0.0,0.0,0.0,0.0,0.0
306,306,307,230.0163472451469,0.0,Y,0.0,0.0,0.0,0.0,0.0,0.0
307,307,308,230.0163472451469,0.0,Y,0.0,0.0,0.0,0.0,0.0,0.0
308,308,309,230.0163472451469,0.0,Y,0.0,0.0,0.0,0.0,0.0,0.0
309,309,310,230.0163472451469,0.0,Y,0.0,0.0,0.0,0.0,0.0,0.0
310,310,311,230.0163472451469,0.0,Y,0.0,0.0,0.0,0.0,0.0,0.0
311,311,312,230.0163472451469,0.0,Y,0.0,0.0,0.0,0.0,0.0,0.0
312,312,313,230.0163472451469,0.0,Y,0.0,0.0,0.0,0.0,0.0,0.0
313,313,314,230.0163472451469,0.0,Y,0.0,0.0,0.0,0.0,0.0,0.0
314,314,315,230.0163472451469,0.0,Y,0.0,0.0,0.0,0.0,0.0,0.0
315,315,316,230.0163472451469,0.0,Y,0.0,0.0,0.0,0.0,0.0,0.0
316,316,317,230.0163472451469,0.0,Y,0.0,0.0,0.0,0.0,0.0,0.0
317,317,318,230.0163472451469,0.0,Y,0.0,0.0,0.0,0.0,0.0,0.0
318,318,319,230.0163472451469,0.0,Y,0.0,0.0,0.0,0.0,0.0,0.0
319,319,320,230.0163472451469,0.0,Y,0.0,0.0,0.0,0.0,0.0,0.0
320,320,321,230.0163472451469,0.0,Y,0.0,0.0,0.0,0.0,0.0,0.0
321,321,322,230.0163472451469,0.0,Y,0.0,0.0,0.0,0.0,0.0,0.0
322,322,323,230.0163472451469,0.0,Y,0.0,0.0,0.0,0.0,0.0,0.0
323,323,324,230.0163472451469,0.0,Y,0.0,0.0,0.0,0.0,0.0,0.0
324,324,325,230.0163472451469,0.0,Y,0.0,0.0,0.0,0.0,0.0,0.0
325,325,326,230.0163472451469,0.0,Y,0.0,0.0,0.0,0.0,0.0,0.0
326,326,327,230.0163472451469,0.0,Y,0.0,0.0,0.0,0.0,0.0,0.0
327,327,328,230.0163472451469,0.0,Y,0.0,0.0,0.0,0.0,0.0,0.0
328,328,329,230.0163472451469,PQ,Y,0.0,0.0,1.0,0.0,0.0,0.3286841051788632
329,329,330,230.0163472451469,0.0,Y,0.0,0.0,0.0,0.0,0.0,0.0
330,330,331,230.0163472451469,0.0,Y,0.0,0.0,0.0,0.0,0.0,0.0
331,331,332,230.0163472451469,PQ,Y,1.0,0.0,0.0,0.3286841051788632,0.0,0.0
332,332,333,230.0163472451469,0.0,Y,0.0,0.0,0.0,0.0,0.0,0.0
333,333,334,230.0163472451469,0.0,Y,0.0,0.0,0.0,0.0,0.0,0.0
334,334,335,230.0163472451469,0.0,Y,0.0,0.0,0.0,0.0,0.0,0.0
335,335,336,230.0163472451469,0.0,Y,0.0,0.0,0.0,0.0,0.0,0.0
336,336,337,230.0163472451469,0.0,Y,0.0,0.0,0.0,0.0,0.0,0.0
337,337,338,230.0163472451469,0.0,Y,0.0,0.0,0.0,0.0,0.0,0.0
338,338,339,230.0163472451469,0.0,Y,0.0,0.0,0.0,0.0,0.0,0.0
339,339,340,230.0163472451469,0.0,Y,0.0,0.0,0.0,0.0,0.0,0.0
340,340,341,230.0163472451469,0.0,Y,0.0,0.0,0.0,0.0,0.0,0.0
341,341,342,230.0163472451469,0.0,Y,0.0,0.0,0.0,0.0,0.0,0.0
342,342,343,230.0163472451469,0.0,Y,0.0,0.0,0.0,0.0,0.0,0.0
343,343,344,230.0163472451469,PQ,Y,1.0,0.0,0.0,0.3286841051788632,0.0,0.0
344,344,345,230.0163472451469,0.0,Y,0.0,0.0,0.0,0.0,0.0,0.0
345,345,346,230.0163472451469,0.0,Y,0.0,0.0,0.0,0.0,0.0,0.0
346,346,347,230.0163472451469,0.0,Y,0.0,0.0,0.0,0.0,0.0,0.0
347,347,348,230.0163472451469,0.0,Y,0.0,0.0,0.0,0.0,0.0,0.0
348,348,349,230.0163472451469,PQ,Y,0.0,1.0,0.0,0.0,0.3286841051788632,0.0
349,349,350,230.0163472451469,0.0,Y,0.0,0.0,0.0,0.0,0.0,0.0
350,350,351,230.0163472451469,0.0,Y,0.0,0.0,0.0,0.0,0.0,0.0
351,351,352,230.0163472451469,0.0,Y,0.0,0.0,0.0,0.0,0.0,0.0
352,352,353,230.0163472451469,0.0,Y,0.0,0.0,0.0,0.0,0.0,0.0
353,353,354,230.0163472451469,0.0,Y,0.0,0.0,0.0,0.0,0.0,0.0
354,354,355,230.0163472451469,0.0,Y,0.0,0.0,0.0,0.0,0.0,0.0
355,355,356,230.0163472451469,0.0,Y,0.0,0.0,0.0,0.0,0.0,0.0
356,356,357,230.0163472451469,0.0,Y,0.0,0.0,0.0,0.0,0.0,0.0
357,357,358,230.0163472451469,PQ,Y,0.0,0.0,1.0,0.0,0.0,0.3286841051788632
358,358,359,230.0163472451469,0.0,Y,0.0,0.0,0.0,0.0,0.0,0.0
359,359,360,230.0163472451469,0.0,Y,0.0,0.0,0.0,0.0,0.0,0.0
360,360,361,230.0163472451469,0.0,Y,0.0,0.0,0.0,0.0,0.0,0.0
361,361,362,230.0163472451469,0.0,Y,0.0,0.0,0.0,0.0,0.0,0.0
362,362,363,230.0163472451469,0.0,Y,0.0,0.0,0.0,0.0,0.0,0.0
363,363,364,230.0163472451469,0.0,Y,0.0,0.0,0.0,0.0,0.0,0.0
364,364,365,230.0163472451469,0.0,Y,0.0,0.0,0.0,0.0,0.0,0.0
365,365,366,230.0163472451469,PQ,Y,0.0,1.0,0.0,0.0,0.3286841051788632,0.0
366,366,367,230.0163472451469,0.0,Y,0.0,0.0,0.0,0.0,0.0,0.0
367,367,368,230.0163472451469,0.0,Y,0.0,0.0,0.0,0.0,0.0,0.0
368,368,369,230.0163472451469,0.0,Y,0.0,0.0,0.0,0.0,0.0,0.0
369,369,370,230.0163472451469,0.0,Y,0.0,0.0,0.0,0.0,0.0,0.0
370,370,371,230.0163472451469,0.0,Y,0.0,0.0,0.0,0.0,0.0,0.0
371,371,372,230.0163472451469,0.0,Y,0.0,0.0,0.0,0.0,0.0,0.0
372,372,373,230.0163472451469,PQ,Y,1.0,0.0,0.0,0.3286841051788632,0.0,0.0
373,373,374,230.0163472451469,0.0,Y,0.0,0.0,0.0,0.0,0.0,0.0
374,374,375,230.0163472451469,0.0,Y,0.0,0.0,0.0,0.0,0.0,0.0
375,375,376,230.0163472451469,0.0,Y,0.0,0.0,0.0,0.0,0.0,0.0
376,376,377,230.0163472451469,PQ,Y,0.0,0.0,1.0,0.0,0.0,0.3286841051788632
377,377,378,230.0163472451469,0.0,Y,0.0,0.0,0.0,0.0,0.0,0.0
378,378,379,230.0163472451469,0.0,Y,0.0,0.0,0.0,0.0,0.0,0.0
379,379,380,230.0163472451469,PQ,Y,0.0,1.0,0.0,0.0,0.3286841051788632,0.0
380,380,381,230.0163472451469,0.0,Y,0.0,0.0,0.0,0.0,0.0,0.0
381,381,382,230.0163472451469,0.0,Y,0.0,0.0,0.0,0.0,0.0,0.0
382,382,383,230.0163472451469,0.0,Y,0.0,0.0,0.0,0.0,0.0,0.0
383,383,384,230.0163472451469,0.0,Y,0.0,0.0,0.0,0.0,0.0,0.0
384,384,385,230.0163472451469,0.0,Y,0.0,0.0,0.0,0.0,0.0,0.0
385,385,386,230.0163472451469,0.0,Y,0.0,0.0,0.0,0.0,0.0,0.0
386,386,387,230.0163472451469,PQ,Y,1.0,0.0,0.0,0.3286841051788632,0.0,0.0
387,387,388,230.0163472451469,0.0,Y,0.0,0.0,0.0,0.0,0.0,0.0
388,388,389,230.0163472451469,0.0,Y,0.0,0.0,0.0,0.0,0.0,0.0
389,389,390,230.0163472451469,0.0,Y,0.0,0.0,0.0,0.0,0.0,0.0
390,390,391,230.0163472451469,PQ,Y,0.0,1.0,0.0,0.0,0.3286841051788632,0.0
391,391,392,230.0163472451469,0.0,Y,0.0,0.0,0.0,0.0,0.0,0.0
