,bus,vLN,sInjkW
0,SOURCEBUS.1,(240.17770633518023-2.177091877586449e-06j),-0j
1,SOURCEBUS.2,(-120.0888545550214-207.99999434810937j),(-0+0j)
2,SOURCEBUS.3,(-120.08885175672317+207.99999656579294j),0j
3,SOURCEBUSZ.1,(240.12774191144624-0.08636418546870278j),-0j
4,SOURCEBUSZ.2,(-120.1253345798057-207.91406290923337j),(-0+0j)
5,SOURCEBUSZ.3,(-120.00240730817411+208.0004271353786j),0j
6,1.1,(207.85395726628934-120.1634225644912j),-0j
7,1.2,(-207.9779389310528-119.90877642374406j),(-0+0j)
8,1.3,(0.11793985260788642+240.08887657087712j),0j
9,2.1,(207.85047176469584-120.16146973683277j),-0j
10,2.2,(-207.973639039122-119.905015402731j),(-0+0j)
11,2.3,(0.11921345214667665+240.0857989617509j),0j
12,3.1,(207.850169752419-120.16130052792224j),-0j
13,3.2,(-207.97326646142636-119.9046895172053j),(-0+0j)
14,3.3,(0.11932380719484321+240.08553229260326j),0j
15,4.1,(207.84967024910952-120.16102067038906j),-0j
16,4.2,(-207.97265024875452-119.90415052951813j),(-0+0j)
17,4.3,(0.11950632531085802+240.08509124390403j),0j
18,5.1,(207.84931381428672-120.16082097007008j),-0j
19,5.2,(-207.97221053264008-119.90376591949232j),(-0+0j)
20,5.3,(0.11963656631437261+240.08477652103454j),0j
21,6.1,(207.84897093741085-120.16062886588422j),-0j
22,6.2,(-207.9717875422982-119.9033959391324j),(-0+0j)
23,6.3,(0.11976185325478095+240.08447376948675j),0j
24,7.1,(207.848510822092-120.1603710763249j),-0j
25,7.2,(-207.97121992065408-119.90289945294948j),(-0+0j)
26,7.3,(0.11992997902986095+240.08406749938013j),0j
27,8.1,(207.84805512246714-120.16011576075365j),-0j
28,8.2,(-207.9706577464347-119.90240773150927j),(-0+0j)
29,8.3,(0.12009649131383351+240.08366512821883j),0j
30,9.1,(207.84768413351662-120.15990790617002j),-0j
31,9.2,(-207.97020007560903-119.90200741689176j),(-0+0j)
32,9.3,(0.12023205038396628+240.0833375544254j),0j
33,10.1,(207.84577909713107-120.15884056833075j),-0j
34,10.2,(-207.96784992589573-119.8999517925636j),(-0+0j)
35,10.3,(0.12092814917804195+240.0816554558225j),0j
36,11.1,(207.8452048449526-120.15851883112715j),-0j
37,11.2,(-207.96714149922045-119.89933214731286j),(-0+0j)
38,11.3,(0.12113798047162154+240.0811484057763j),0j
39,12.1,(207.84462550589453-120.15819424388923j),-0j
40,12.2,(-207.96642679711206-119.89870701307855j),(-0+0j)
41,12.3,(0.12134967050696996+240.08063686414508j),0j
42,13.1,(207.84409046507903-120.15789447569983j),-0j
43,13.2,(-207.96576674356734-119.89812967874238j),(-0+0j)
44,13.3,(0.12154517399935331+240.08016443673378j),0j
45,14.1,(207.843559416051-120.1575969439957j),-0j
46,14.2,(-207.96511161449448-119.89755665173355j),(-0+0j)
47,14.3,(0.1217392188958376+240.07969553396902j),0j
48,15.1,(207.8432026279725-120.15739704575775j),-0j
49,15.2,(-207.96467146258635-119.89717166052833j),(-0+0j)
50,15.3,(0.1218695889786208+240.0793804991839j),0j
51,16.1,(207.84248537795816-120.1569951909236j),-0j
52,16.2,(-207.96378662651256-119.89639771385191j),(-0+0j)
53,16.3,(0.12213167156890808+240.07874718569136j),0j
54,17.1,(207.8414631977761-120.15642249236751j),-0j
55,17.2,(-207.9625256130851-119.89529473310763j),(-0+0j)
56,17.3,(0.12250517540216975+240.07784462662823j),0j
57,18.1,(207.84014269330484-120.1556826511758j),-0j
58,18.2,(-207.96089657165118-119.89386984635065j),(-0+0j)
59,18.3,(0.1229876866958795+240.07667865481662j),0j
60,19.1,(207.8386183957222-120.15482863048561j),-0j
61,19.2,(-207.95901612067684-119.89222505719145j),(-0+0j)
62,19.3,(0.12354466383193492+240.0753327388787j),0j
63,20.1,(207.83724394913258-120.1540585670555j),-0j
64,20.2,(-207.957320533504-119.8907419643385j),(-0+0j)
65,20.3,(0.12404688553315879+240.0741191375505j),0j
66,21.1,(207.83574830057307-120.15322059760001j),-0j
67,21.2,(-207.9554754254205-119.88912808882951j),(-0+0j)
68,21.3,(0.12459339433880065+240.07279851797017j),0j
69,22.1,(207.83444577680802-120.15249083048785j),-0j
70,22.2,(-207.95386856589954-119.88772260410461j),(-0+0j)
71,22.3,(0.12506933549666122+240.071648422664j),0j
72,23.1,(207.833290489945-120.15184355603462j),-0j
73,23.2,(-207.95244334530474-119.88647599495823j),(-0+0j)
74,23.3,(0.1254914764064501+240.07062833379197j),0j
75,24.1,(207.83184185969557-120.15103192960429j),-0j
76,24.2,(-207.9506562413985-119.88491285442872j),(-0+0j)
77,24.3,(0.12602080475856384+240.06934923018193j),0j
78,25.1,(207.83041763940284-120.15023397938022j),-0j
79,25.2,(-207.94889925085545-119.8833760533966j),(-0+0j)
80,25.3,(0.12654121373177873+240.06809167994172j),0j
81,26.1,(207.82883003843068-120.14934449159665j),-0j
82,26.2,(-207.94694070560195-119.88166295688681j),(-0+0j)
83,26.3,(0.12712132187663375+240.06668986872316j),0j
84,27.1,(207.8280073063172-120.14888353813485j),-0j
85,27.2,(-207.94592574144917-119.88077519003811j),(-0+0j)
86,27.3,(0.12742194754286001+240.06596341722394j),0j
87,28.1,(207.8266327890766-120.14811343512073j),-0j
88,28.2,(-207.94423006711753-119.87929202094907j),(-0+0j)
89,28.3,(0.1279241950599839+240.06474975351284j),0j
90,29.1,(207.82468457375543-120.14678769143597j),-0j
91,29.2,(-207.94152847447032-119.87681797767131j),(-0+0j)
92,29.3,(0.12886945987346315+240.06310099595672j),0j
93,30.1,(207.80229525076314-120.13155195068438j),-0j
94,30.2,(-207.91048117199077-119.84838572306371j),(-0+0j)
95,30.3,(0.13973265296684376+240.04415310808278j),0j
96,31.1,(207.79705914785018-120.12798882791571j),-0j
97,31.2,(-207.90322026146617-119.84173638350028j),(-0+0j)
98,31.3,(0.14227318521165824+240.039721840066j),0j
99,32.1,(207.79602835599124-120.12728738296632j),-0j
100,32.2,(-207.90179086109285-119.84042737846276j),(-0+0j)
101,32.3,(0.14277332052212194+240.0388494899475j),0j
102,33.1,(207.79478392269806-120.12644055686769j),-0j
103,33.2,(-207.90006520387274-119.83884706965893j),(-0+0j)
104,33.3,(0.14337711364097552+240.03779633695495j),0j
105,34.1,(207.79319605085016-120.12536002380155j),-0j
106,34.2,(-207.89786329997494-119.8368306274164j),(-0+0j)
107,34.3,(0.14414754151406897+240.03645253492255j),0j
108,35.1,(207.79151868837747-120.12421859313893j),-0j
109,35.2,(-207.89553729931484-119.83470054081637j),(-0+0j)
110,35.3,(0.14496138981290227+240.0350329977585j),0j
111,36.1,(207.78714109681658-120.12123967992386j),-0j
112,36.2,(-207.88946688756627-119.82914142686427j),(-0+0j)
113,36.3,(0.14708537643076347+240.03132828037556j),0j
114,37.1,(207.78483798024965-120.11967242900919j),-0j
115,37.2,(-207.88627315291276-119.82621669364896j),(-0+0j)
116,37.3,(0.14820283764202616+240.02937917300406j),0j
117,38.1,(207.78416889242058-120.11921712052532j),-0j
118,38.2,(-207.8853453279749-119.8253670174208j),(-0+0j)
119,38.3,(0.14852747587630608+240.02881292983682j),0j
120,39.1,(207.7837674601314-120.11894394932283j),-0j
121,39.2,(-207.88478866131257-119.82485723760061j),(-0+0j)
122,39.3,(0.148722248914751+240.0284732012078j),0j
123,40.1,(207.78347494381688-120.11874489449956j),-0j
124,40.2,(-207.88438302856986-119.82448577043606j),(-0+0j)
125,40.3,(0.1488641764399583+240.02822564721384j),0j
126,41.1,(207.7832272034272-120.11857630930601j),-0j
127,41.2,(-207.8840394866588-119.82417116432512j),(-0+0j)
128,41.3,(0.14898437889924837+240.02801598669282j),0j
129,42.1,(207.7830123987167-120.11843013655732j),-0j
130,42.2,(-207.88374161669557-119.82389838331154j),(-0+0j)
131,42.3,(0.14908860112353123+240.0278341993486j),0j
132,43.1,(207.78278185916645-120.1182732563864j),-0j
133,43.2,(-207.88342192721058-119.82360562058778j),(-0+0j)
134,43.3,(0.14920045781711+240.02763909574733j),0j
135,44.1,(207.7825280064752-120.11810051182455j),-0j
136,44.2,(-207.88306990936343-119.82328325245075j),(-0+0j)
137,44.3,(0.1493236259359182+240.02742426243898j),0j
138,45.1,(207.78227055851266-120.11792532071175j),-0j
139,45.2,(-207.8827129059488-119.82295631867004j),(-0+0j)
140,45.3,(0.1494485384633645+240.027206386484j),0j
141,46.1,(207.78175470339528-120.1175742857636j),-0j
142,46.2,(-207.8819975690058-119.8223012330275j),(-0+0j)
143,46.3,(0.14969882891418362+240.02676982281793j),0j
144,47.1,(207.7815813992691-120.1174459844087j),-0j
145,47.2,(-207.8818400763519-119.82206947732101j),(-0+0j)
146,47.3,(0.14976054484778623+240.02672715730017j),0j
147,48.1,(207.7814336686968-120.11742509877122j),-0j
148,48.2,(-207.88143071674648-119.82181050174736j),(-0+0j)
149,48.3,(0.14999817639860683+240.02634767540607j),0j
150,49.1,(207.78175470339528-120.11757428576354j),-0j
151,49.2,(-207.88199756900576-119.82230123302749j),(-0+0j)
152,49.3,(0.1496988289141631+240.02676982281798j),0j
153,50.1,(207.78147378237392-120.11736631294464j),-0j
154,50.2,(-207.88174227792766-119.82192556366972j),(-0+0j)
155,50.3,(0.14979886867377942+240.02670066323637j),0j
156,51.1,(207.78117051573452-120.11730280980986j),-0j
157,51.2,(-207.88096606654065-119.82140824807689j),(-0+0j)
158,51.3,(0.1502435522704042+240.02600164010914j),0j
159,52.1,(207.78143366869685-120.11742509877125j),-0j
160,52.2,(-207.88143071674645-119.8218105017474j),(-0+0j)
161,52.3,(0.14999817639864413+240.02634767540607j),0j
162,53.1,(207.78143366869685-120.11742509877125j),-0j
163,53.2,(-207.88143071674645-119.8218105017474j),(-0+0j)
164,53.3,(0.14999817639864413+240.02634767540607j),0j
165,54.1,(207.78143366869685-120.11742509877125j),-0j
166,54.2,(-207.88143071674645-119.8218105017474j),(-0+0j)
167,54.3,(0.14999817639864413+240.02634767540607j),0j
168,55.1,(207.78143366869685-120.11742509877125j),-0j
169,55.2,(-207.88143071674645-119.8218105017474j),(-0+0j)
170,55.3,(0.14999817639864413+240.02634767540607j),0j
171,56.1,(207.78143366869685-120.11742509877125j),-0j
172,56.2,(-207.88143071674645-119.8218105017474j),(-0+0j)
173,56.3,(0.14999817639864413+240.02634767540607j),0j
174,57.1,(207.78143366869685-120.11742509877125j),-0j
175,57.2,(-207.88143071674645-119.8218105017474j),(-0+0j)
176,57.3,(0.14999817639864413+240.02634767540607j),0j
177,58.1,(207.78136601517784-120.11728653020917j),-0j
178,58.2,(-207.88164434291517-119.82178144902441j),(-0+0j)
179,58.3,(0.14983724602399737+240.02667413217014j),0j
180,59.1,(207.78105856941056-120.11725078759613j),-0j
181,59.2,(-207.8807684024827-119.82123712775487j),(-0+0j)
182,59.3,(0.1503479361487169+240.0258544353081j),0j
183,60.1,(207.78117051573452-120.11730280980979j),-0j
184,60.2,(-207.88096606654065-119.82140824807684j),(-0+0j)
185,60.3,(0.15024355227039152+240.0260016401092j),0j
186,61.1,(207.78125912402152-120.1172073960277j),-0j
187,61.2,(-207.88154720401639-119.82163850588726j),(-0+0j)
188,61.3,(0.1498753114047276+240.02664781677493j),0j
189,62.1,(207.7809314327555-120.1171917063331j),-0j
190,62.2,(-207.8805439167986-119.82104278760565j),(-0+0j)
191,62.3,(0.1504664841869359+240.0256872558478j),0j
192,63.1,(207.78105856941056-120.11725078759618j),-0j
193,63.2,(-207.8807684024827-119.8212371277549j),(-0+0j)
194,63.3,(0.15034793614874428+240.02585443530808j),0j
195,64.1,(207.7811516817618-120.11712785385077j),-0j
196,64.2,(-207.88144956429437-119.82149482577206j),(-0+0j)
197,64.3,(0.14991357304084266+240.02662136570416j),0j
198,65.1,(207.78046273281507-120.11697389830245j),-0j
199,65.2,(-207.8797163314982-119.82032633634789j),(-0+0j)
200,65.3,(0.15090352147165864+240.0250709347475j),0j
201,66.1,(207.78093143275552-120.11719170633313j),-0j
202,66.2,(-207.8805439167986-119.82104278760566j),(-0+0j)
203,66.3,(0.15046648418694003+240.02568725584777j),0j
204,67.1,(207.78104439123453-120.11704842400519j),-0j
205,67.2,(-207.88135206246127-119.82135134856522j),(-0+0j)
206,67.3,(0.14995178064306436+240.02659495198816j),0j
207,68.1,(207.7800235978509-120.11676982931628j),-0j
208,68.2,(-207.87894094919082-119.81965507789413j),(-0+0j)
209,68.3,(0.15131299101888523+240.02449349037218j),0j
210,69.1,(207.78046273281504-120.11697389830242j),-0j
211,69.2,(-207.8797163314982-119.82032633634786j),(-0+0j)
212,69.3,(0.15090352147164596+240.02507093474753j),0j
213,70.1,(207.778265684959-120.11499127864319j),-0j
214,70.2,(-207.87882687256172-119.8176354472145j),(-0+0j)
215,70.3,(0.15094131538395875+240.02591086588743j),0j
216,71.1,(207.7663369151704-120.11040953536126j),-0j
217,71.2,(-207.85477432055956-119.79873371611671j),(-0+0j)
218,71.3,(0.164075080622341+240.00649606685187j),0j
219,72.1,(207.7800235978509-120.11676982931625j),-0j
220,72.2,(-207.87894094919082-119.81965507789411j),(-0+0j)
221,72.3,(0.15131299101888163+240.0244934903722j),0j
222,73.1,(207.77375336485173-120.11165069584668j),-0j
223,73.2,(-207.87472623578014-119.81160122311199j),(-0+0j)
224,73.3,(0.15254821336647414+240.0247999836417j),0j
225,74.1,(207.76617785646877-120.11033561970763j),-0j
226,74.2,(-207.85449346999428-119.79849058016373j),(-0+0j)
227,74.3,(0.16422339423834972+240.00628691121616j),0j
228,75.1,(207.76633691517037-120.11040953536119j),-0j
229,75.2,(-207.85477432055956-119.79873371611671j),(-0+0j)
230,75.3,(0.1640750806223209+240.0064960668519j),0j
231,76.1,(207.7717138528482-120.11014079438787j),-0j
232,76.2,(-207.8728727994681-119.80887382962106j),(-0+0j)
233,76.3,(0.15327451106825937+240.0242978788219j),0j
234,77.1,(207.7660185074875-120.11026156915901j),-0j
235,77.2,(-207.85421210688128-119.79824700049136j),(-0+0j)
236,77.3,(0.1643719785241766+240.00607737387486j),0j
237,78.1,(207.7661778564688-120.1103356197076j),-0j
238,78.2,(-207.85449346999417-119.79849058016369j),(-0+0j)
239,78.3,(0.16422339423841373+240.00628691121616j),0j
240,79.1,(207.7695924626255-120.10857027644715j),-0j
241,79.2,(-207.8709449551291-119.8060369422309j),(-0+0j)
242,79.3,(0.15402996670685473+240.02377561650928j),0j
243,80.1,(207.7658596519815-120.11018774793153j),-0j
244,80.2,(-207.85393161509975-119.79800417514151j),(-0+0j)
245,80.3,(0.16452010267086425+240.00586848543338j),0j
246,81.1,(207.76601850748744-120.11026156915895j),-0j
247,81.2,(-207.85421210688125-119.79824700049134j),(-0+0j)
248,81.3,(0.16437197852414806+240.00607737387483j),0j
249,82.1,(207.7635290369544-120.10408137162578j),-0j
250,82.2,(-207.86543472851932-119.7979284595748j),(-0+0j)
251,82.3,(0.15618923427714573+240.0222828695931j),0j
252,83.1,(207.76145030499669-120.10813869457913j),-0j
253,83.2,(-207.84614601407617-119.79126408000216j),(-0+0j)
254,83.3,(0.16863157966863504+240.00007037593204j),0j
255,84.1,(207.76585965198151-120.11018774793156j),-0j
256,84.2,(-207.85393161509975-119.79800417514153j),(-0+0j)
257,84.3,(0.1645201026708341+240.00586848543338j),0j
258,85.1,(207.7576937824043-120.09976138755991j),-0j
259,85.2,(-207.8601318557475-119.79012510502267j),(-0+0j)
260,85.3,(0.15826724703710063+240.02084629582987j),0j
261,86.1,(207.74310811821098-120.09961495638103j),-0j
262,86.2,(-207.81375914393257-119.76322634914874j),(-0+0j)
263,86.3,(0.18573467437154434+239.97595115649975j),0j
264,87.1,(207.7614503049967-120.10813869457917j),-0j
265,87.2,(-207.84614601407617-119.79126408000216j),(-0+0j)
266,87.3,(0.16863157966865588+240.000070375932j),0j
267,88.1,(207.75761040260733-120.0996996594226j),-0j
268,88.2,(-207.8600560831396-119.7900136030972j),(-0+0j)
269,88.3,(0.15829693970611755+240.02082576866562j),0j
270,89.1,(207.7409992369836-120.09863494501789j),-0j
271,89.2,(-207.81003548419358-119.76000272892573j),(-0+0j)
272,89.3,(0.18770109177701957+239.97317806462834j),0j
273,90.1,(207.743108118211-120.09961495638106j),-0j
274,90.2,(-207.81375914393254-119.76322634914875j),(-0+0j)
275,90.3,(0.18573467437159075+239.97595115649972j),0j
276,91.1,(207.75752021059984-120.09963288803648j),-0j
277,91.2,(-207.8599741198358-119.78989299135584j),(-0+0j)
278,91.3,(0.15832905829504423+240.02080356441203j),0j
279,92.1,(207.73955547338278-120.09796401831227j),-0j
280,92.2,(-207.80748622521986-119.75779580257988j),(-0+0j)
281,92.3,(0.18904732305708669+239.97127957501488j),0j
282,93.1,(207.74099923698355-120.09863494501788j),-0j
283,93.2,(-207.81003548419363-119.76000272892574j),(-0+0j)
284,93.3,(0.18770109177703156+239.97317806462837j),0j
285,94.1,(207.7574071184567-120.09954916311064j),-0j
286,94.2,(-207.85987134569976-119.78974175577888j),(-0+0j)
287,94.3,(0.15836933193048672+240.02077572240367j),0j
288,95.1,(207.73811213068726-120.09729328720407j),-0j
289,95.2,(-207.8049377094406-119.75558951962677j),(-0+0j)
290,95.3,(0.19039316186558009+239.96938163887492j),0j
291,96.1,(207.73955547338284-120.09796401831227j),-0j
292,96.2,(-207.80748622521983-119.75779580257988j),(-0+0j)
293,96.3,(0.1890473230571138+239.97127957501488j),0j
294,97.1,(207.7565038814582-120.09888047429925j),-0j
295,97.2,(-207.85905051589137-119.78853387727548j),(-0+0j)
296,97.3,(0.15869098679196328+240.0205533556558j),0j
297,98.1,(207.73666687214651-120.09662166578968j),-0j
298,98.2,(-207.8023858108458-119.75338030812689j),(-0+0j)
299,98.3,(0.19174078709604708+239.96748118347713j),0j
300,99.1,(207.73811213068726-120.09729328720411j),-0j
301,99.2,(-207.80493770944054-119.7555895196268j),(-0+0j)
302,99.3,(0.1903931618656298+239.9693816388749j),0j
303,100.1,(207.75541455759796-120.09807402075651j),-0j
304,100.2,(-207.85806057693063-119.78707714900114j),(-0+0j)
305,100.3,(0.15907890969143793+240.02028517642438j),0j
306,101.1,(207.73542582529788-120.09604494292914j),-0j
307,101.2,(-207.80019448962565-119.75148325310694j),(-0+0j)
308,101.3,(0.1928979959953638+239.96584925803552j),0j
309,102.1,(207.73666687214654-120.09662166578967j),-0j
310,102.2,(-207.80238581084583-119.7533803081269j),(-0+0j)
311,102.3,(0.19174078709607184+239.96748118347716j),0j
312,103.1,(207.75489636294543-120.09769038836882j),-0j
313,103.2,(-207.85758965997488-119.7863841789582j),(-0+0j)
314,103.3,(0.1592634457872505+240.02015760275344j),0j
315,104.1,(207.73418488004717-120.09546826728166j),-0j
316,104.2,(-207.79800334779716-119.74958635338865j),(-0+0j)
317,104.3,(0.19405511016016788+239.96421746619103j),0j
318,105.1,(207.73542582529785-120.0960449429292j),-0j
319,105.2,(-207.8001944896256-119.75148325310693j),(-0+0j)
320,105.3,(0.1928979959953628+239.9658492580355j),0j
321,106.1,(207.7545213263472-120.09741273944877j),-0j
322,106.2,(-207.85724883999083-119.7858826509583j),(-0+0j)
323,106.3,(0.15939700137170823+240.02006527297857j),0j
324,107.1,(207.7329430494438-120.09489118020495j),-0j
325,107.2,(-207.79581064269792-119.74768810032687j),(-0+0j)
326,107.3,(0.1952130498685235+239.96258451014396j),0j
327,108.1,(207.73418488004717-120.0954682672816j),-0j
328,108.2,(-207.79800334779713-119.7495863533886j),(-0+0j)
329,108.3,(0.19405511016015922+239.96421746619106j),0j
330,109.1,(207.75421413988164-120.09718532166912j),-0j
331,109.2,(-207.85696967980542-119.78547185741324j),(-0+0j)
332,109.3,(0.15950639461001184+240.0199896471402j),0j
333,110.1,(207.73170201710923-120.09431446408936j),-0j
334,110.2,(-207.793619347105-119.74579106749304j),(-0+0j)
335,110.3,(0.19637024523450156+239.9609526037874j),0j
336,111.1,(207.73294304944383-120.09489118020501j),-0j
337,111.2,(-207.79581064269794-119.74768810032693j),(-0+0j)
338,111.3,(0.19521304986856894+239.96258451014396j),0j
339,112.1,(207.7540619780861-120.09707267250798j),-0j
340,112.2,(-207.85683140055247-119.78526837486974j),(-0+0j)
341,112.3,(0.15956058147497673+240.0199521866247j),0j
342,113.1,(207.7304596204604-120.09373711396752j),-0j
343,113.2,(-207.79142564253772-119.74389194917865j),(-0+0j)
344,113.3,(0.19752871274914546+239.95931890341436j),0j
345,114.1,(207.73170201710926-120.09431446408938j),-0j
346,114.2,(-207.793619347105-119.74579106749307j),(-0+0j)
347,114.3,(0.19637024523449098+239.96095260378735j),0j
348,115.1,(207.75382481753778-120.09689709665658j),-0j
349,115.2,(-207.85661587744215-119.78495122540781j),(-0+0j)
350,115.3,(0.15964503754056059+240.01989380037622j),0j
351,116.1,(207.71306882503274-120.0856554937634j),-0j
352,116.2,(-207.76071864779837-119.71730850810951j),(-0+0j)
353,116.3,(0.21374468658904608+239.93645072439452j),0j
354,117.1,(207.73045962046044-120.09373711396762j),-0j
355,117.2,(-207.79142564253775-119.74389194917873j),(-0+0j)
356,117.3,(0.19752871274915604+239.9593189034143j),0j
357,118.1,(207.7534730561114-120.09663667892512j),-0j
358,118.2,(-207.85629620911078-119.78448082277141j),(-0+0j)
359,118.3,(0.15977030452261892+240.0198072006859j),0j
360,119.1,(207.68805512347524-120.06102189635439j),(1.0000001921322834+0.32868424394929285j)
361,119.2,(-207.76134946015907-119.7166023291175j),(-0+0j)
362,119.3,(0.2131138742283334+239.9371569033865j),0j
363,120.1,(207.71566840043198-120.0851140977657j),-0j
364,120.2,(-207.665817465873-119.69111586221365j),(1.000000748250897+0.32868462363724715j)
365,120.3,(0.2163442620097046+239.93699212033292j),0j
366,121.1,(207.712653593409-120.08691524329085j),-0j
367,121.2,(-207.76113387942212-119.71856825763696j),(-0+0j)
368,121.3,(0.2013667228921906+239.88885589293105j),(1.0000001286054208+0.3286845174441956j)
369,122.1,(207.6780276706961-120.05114783483266j),(1.0000002077596264+0.3286842451911694j)
370,122.2,(-207.76160234096318-119.71631926454918j),(-0+0j)
371,122.3,(0.21286099342421635+239.9374399679548j),0j
372,123.1,(207.7143682264688-120.0853849864503j),-0j
373,123.2,(-207.71328189699466-119.70422015612193j),(1.000000654309377+0.32868461660655673j)
374,123.3,(0.21504408802514477+239.93672123170757j),0j
375,124.1,(207.712653593409-120.08691524329085j),-0j
376,124.2,(-207.76113387942212-119.71856825763696j),(-0+0j)
377,124.3,(0.2013667228921906+239.88885589293105j),(1.0000001286054208+0.3286845174441956j)
378,125.1,(207.6780276706961-120.05114783483266j),(1.0000002077596264+0.3286842451911694j)
379,125.2,(-207.76160234096318-119.71631926454918j),(-0+0j)
380,125.3,(0.21286099342421635+239.9374399679548j),0j
381,126.1,(207.7143682264688-120.0853849864503j),-0j
382,126.2,(-207.71328189699466-119.70422015612193j),(1.000000654309377+0.32868461660655673j)
383,126.3,(0.21504408802514477+239.93672123170757j),0j
384,127.1,(207.712653593409-120.08691524329085j),-0j
385,127.2,(-207.76113387942212-119.71856825763696j),(-0+0j)
386,127.3,(0.2013667228921906+239.88885589293105j),(1.0000001286054208+0.3286845174441956j)
387,128.1,(207.6780276706961-120.05114783483266j),(1.0000002077596264+0.3286842451911694j)
388,128.2,(-207.76160234096318-119.71631926454918j),(-0+0j)
389,128.3,(0.21286099342421635+239.9374399679548j),0j
390,129.1,(207.7143682264688-120.0853849864503j),-0j
391,129.2,(-207.71328189699466-119.70422015612193j),(1.000000654309377+0.32868461660655673j)
392,129.3,(0.21504408802514477+239.93672123170757j),0j
393,130.1,(207.712653593409-120.08691524329085j),-0j
394,130.2,(-207.76113387942212-119.71856825763696j),(-0+0j)
395,130.3,(0.2013667228921906+239.88885589293105j),(1.0000001286054208+0.3286845174441956j)
396,131.1,(207.75317382843747-120.09641515323716j),-0j
397,131.2,(-207.856024281594-119.78408067233978j),(-0+0j)
398,131.3,(0.15987686352773095+240.01973353421198j),0j
399,132.1,(207.71717228175493-120.08480084780449j),-0j
400,132.2,(-207.61091625856253-119.6759614145827j),(1.0000008482361766+0.32868463129407377j)
401,132.3,(0.21784814335734348+239.93730537022546j),0j
402,133.1,(207.7529640083435-120.09625981820403j),-0j
403,133.2,(-207.85583360452068-119.78380008465194j),(-0+0j)
404,133.3,(0.15995158328935444+240.01968187887445j),0j
405,134.1,(207.71717228175532-120.08480084780479j),-0j
406,134.2,(-207.61091625856133-119.6759614145824j),(-0+0j)
407,134.3,(0.21784814335807987+239.9373053702246j),0j
408,135.1,(207.71717228175493-120.08480084780447j),-0j
409,135.2,(-207.6109162585625-119.67596141458269j),(-0+0j)
410,135.3,(0.21784814335733454+239.93730537022546j),0j
411,136.1,(207.75272784980132-120.09608498416291j),-0j
412,136.2,(-207.85561899199823-119.78348427515051j),(-0+0j)
413,136.3,(0.16003568252706213+240.01962373930834j),0j
414,137.1,(207.71717228175567-120.08480084780498j),-0j
415,137.2,(-207.6109162585606-119.67596141458223j),(-0+0j)
416,137.3,(0.21784814335857033+239.937305370224j),0j
417,138.1,(207.7171722817553-120.08480084780476j),-0j
418,138.2,(-207.61091625856136-119.67596141458239j),(-0+0j)
419,138.3,(0.21784814335807637+239.93730537022464j),0j
420,139.1,(207.75251009954388-120.09592377823296j),-0j
421,139.2,(-207.85542110827367-119.78319308263417j),(-0+0j)
422,139.3,(0.16011322632647668+240.01957013165404j),0j
423,140.1,(207.7171722817562-120.0848008478054j),-0j
424,140.2,(-207.61091625855974-119.67596141458213j),(-0+0j)
425,140.3,(0.217848143359089+239.93730537022327j),0j
426,141.1,(207.71717228175572-120.08480084780498j),-0j
427,141.2,(-207.61091625856056-119.6759614145822j),(-0+0j)
428,141.3,(0.21784814335859+239.937305370224j),0j
429,142.1,(207.75224022154694-120.095813706045j),-0j
430,142.2,(-207.85521382140993-119.78293378051288j),(-0+0j)
431,142.3,(0.16018235801982383+240.01943358903557j),0j
432,143.1,(207.7171722817568-120.08480084780584j),-0j
433,143.2,(-207.61091625855875-119.67596141458209j),(-0+0j)
434,143.3,(0.21784814335966904+239.93730537022236j),0j
435,144.1,(207.7171722817562-120.08480084780538j),-0j
436,144.2,(-207.61091625855977-119.67596141458213j),(-0+0j)
437,144.3,(0.2178481433590829+239.93730537022333j),0j
438,145.1,(207.75200290384203-120.09571691386743j),-0j
439,145.2,(-207.85503154333122-119.78270576272337j),(-0+0j)
440,145.3,(0.16024314909948037+240.0193135200369j),0j
441,146.1,(207.71717228175734-120.0848008478064j),-0j
442,146.2,(-207.61091625855758-119.67596141458208j),(-0+0j)
443,146.3,(0.21784814336033476+239.93730537022105j),0j
444,147.1,(207.71717228175677-120.08480084780584j),-0j
445,147.2,(-207.61091625855877-119.67596141458202j),(-0+0j)
446,147.3,(0.217848143359638+239.9373053702224j),0j
447,148.1,(207.75168906095155-120.09558891019907j),-0j
448,148.2,(-207.85479048807954-119.78240421858804j),(-0+0j)
449,148.3,(0.16032354279853356+240.01915473373143j),0j
450,149.1,(207.7171722817576-120.08480084780673j),-0j
451,149.2,(-207.61091625855698-119.67596141458208j),(-0+0j)
452,149.3,(0.2178481433606405+239.93730537022046j),0j
453,150.1,(207.71717228175734-120.08480084780645j),-0j
454,150.2,(-207.61091625855758-119.67596141458208j),(-0+0j)
455,150.3,(0.21784814336035407+239.93730537022105j),0j
456,151.1,(207.74425397158728-120.09255644159185j),-0j
457,151.2,(-207.84907977296436-119.77526049266174j),(-0+0j)
458,151.3,(0.16222810828297926+240.01539300961025j),0j
459,152.1,(207.71717228176468-120.08480084781372j),-0j
460,152.2,(-207.61091625854206-119.67596141458246j),(-0+0j)
461,152.3,(0.21784814336880942+239.93730537020662j),0j
462,153.1,(207.7171722817576-120.0848008478067j),-0j
463,153.2,(-207.61091625855698-119.67596141458205j),(-0+0j)
464,153.3,(0.21784814336063418+239.93730537022049j),0j
465,154.1,(207.7438836444173-120.0922822791799j),-0j
466,154.2,(-207.84874323274357-119.77476526247578j),(-0+0j)
467,154.3,(0.16235998677593497+240.01530183924302j),0j
468,155.1,(207.71717228176553-120.08480084781444j),-0j
469,155.2,(-207.61091625854024-119.67596141458233j),(-0+0j)
470,155.3,(0.21784814336982852+239.93730537020508j),0j
471,156.1,(207.7171722817647-120.08480084781375j),-0j
472,156.2,(-207.61091625854203-119.67596141458249j),(-0+0j)
473,156.3,(0.2178481433688419+239.93730537020662j),0j
474,157.1,(207.7437708614644-120.09219878315552j),-0j
475,157.2,(-207.84864073958914-119.77461444037239j),(-0+0j)
476,157.3,(0.16240015030442934+240.0152740733537j),0j
477,158.1,(207.71717228176647-120.0848008478151j),-0j
478,158.2,(-207.61091625853834-119.67596141458212j),(-0+0j)
479,158.3,(0.21784814337086844+239.93730537020355j),0j
480,159.1,(207.7171722817655-120.08480084781439j),-0j
481,159.2,(-207.61091625854024-119.67596141458233j),(-0+0j)
482,159.3,(0.21784814336980687+239.9373053702051j),0j
483,160.1,(207.74354340606124-120.09203039226496j),-0j
484,160.2,(-207.84843403617205-119.77431026938316j),(-0+0j)
485,160.3,(0.16248115023668136+240.0152180764024j),0j
486,161.1,(207.71717228176715-120.08480084781579j),-0j
487,161.2,(-207.610916258537-119.67596141458213j),(-0+0j)
488,161.3,(0.2178481433715895+239.9373053702022j),0j
489,162.1,(207.71717228176644-120.08480084781506j),-0j
490,162.2,(-207.61091625853834-119.67596141458208j),(-0+0j)
491,162.3,(0.21784814337084452+239.93730537020357j),0j
492,163.1,(207.7433555871596-120.09189134526217j),-0j
493,163.2,(-207.84826335300434-119.77405910339525j),(-0+0j)
494,163.3,(0.1625480350768251+240.01517183751j),0j
495,164.1,(207.71717228176786-120.08480084781654j),-0j
496,164.2,(-207.61091625853535-119.67596141458206j),(-0+0j)
497,164.3,(0.21784814337246727+239.93730537020062j),0j
498,165.1,(207.71717228176712-120.08480084781576j),-0j
499,165.2,(-207.61091625853706-119.67596141458216j),(-0+0j)
500,165.3,(0.21784814337156574+239.9373053702022j),0j
501,166.1,(207.74293238269135-120.0915780364719j),-0j
502,166.2,(-207.8478787597683-119.77349316158961j),(-0+0j)
503,166.3,(0.16269874388705316+240.0150676493496j),0j
504,167.1,(207.7171722817686-120.0848008478172j),-0j
505,167.2,(-207.61091625853356-119.67596141458193j),(-0+0j)
506,167.3,(0.2178481433734445+239.93730537019908j),0j
507,168.1,(207.71717228176783-120.08480084781651j),-0j
508,168.2,(-207.61091625853538-119.67596141458205j),(-0+0j)
509,168.3,(0.2178481433724269+239.93730537020065j),0j
510,169.1,(207.74267054416148-120.09138419089803j),-0j
511,169.2,(-207.84764081018358-119.7731430108198j),(-0+0j)
512,169.3,(0.1627919881135161+240.01500318766077j),0j
513,170.1,(207.71717228176945-120.0848008478179j),-0j
514,170.2,(-207.6109162585319-119.67596141458198j),(-0+0j)
515,170.3,(0.21784814337444666+239.9373053701976j),0j
516,171.1,(207.7171722817686-120.0848008478172j),-0j
517,171.2,(-207.61091625853356-119.67596141458192j),(-0+0j)
518,171.3,(0.21784814337344904+239.93730537019906j),0j
519,172.1,(207.7422424298627-120.09106724723816j),-0j
520,172.2,(-207.8472517550678-119.77257050320851j),(-0+0j)
521,172.3,(0.16294444538026304+240.01489779075573j),0j
522,173.1,(207.71717228177093-120.08480084781921j),-0j
523,173.2,(-207.610916258529-119.67596141458203j),(-0+0j)
524,173.3,(0.21784814337609582+239.93730537019496j),0j
525,174.1,(207.71717228176942-120.0848008478179j),-0j
526,174.2,(-207.6109162585319-119.67596141458198j),(-0+0j)
527,174.3,(0.21784814337443476+239.9373053701976j),0j
528,175.1,(207.74184629387554-120.09077397791754j),-0j
529,175.2,(-207.84689176070913-119.77204075947327j),(-0+0j)
530,175.3,(0.1630855147396938+240.01480026654974j),0j
531,176.1,(207.71717228177164-120.08480084781984j),-0j
532,176.2,(-207.61091625852748-119.675961414582j),(-0+0j)
533,176.3,(0.21784814337694663+239.9373053701935j),0j
534,177.1,(207.71717228177093-120.0848008478192j),-0j
535,177.2,(-207.61091625852896-119.67596141458203j),(-0+0j)
536,177.3,(0.2178481433760742+239.937305370195j),0j
537,178.1,(207.7399366132347-120.08936019385803j),-0j
538,178.2,(-207.84515631056158-119.76948698655586j),(-0+0j)
539,178.3,(0.16376557773146458+240.01433012474448j),0j
540,179.1,(207.71717228177238-120.08480084782052j),-0j
541,179.2,(-207.61091625852578-119.67596141458193j),(-0+0j)
542,179.3,(0.21784814337791758+239.93730537019186j),0j
543,180.1,(207.71717228177158-120.08480084781982j),-0j
544,180.2,(-207.61091625852754-119.675961414582j),(-0+0j)
545,180.3,(0.21784814337689912+239.93730537019354j),0j
546,181.1,(207.73783469055238-120.08780408823272j),-0j
547,181.2,(-207.84324615764797-119.76667613268027j),(-0+0j)
548,181.3,(0.16451410070484782+240.0138126551202j),0j
549,182.1,(207.7399366132341-120.08936019385884j),-0j
550,182.2,(-207.84515631056448-119.76948698655791j),(-0+0j)
551,182.3,(0.1637655777315205+240.01433012474428j),0j
552,183.1,(207.71717228177363-120.0848008478213j),-0j
553,183.2,(-207.61091625852347-119.67596141458174j),(-0+0j)
554,183.3,(0.21784814337937464+239.93730537019007j),0j
555,184.1,(207.71717228177238-120.08480084782049j),-0j
556,184.2,(-207.61091625852578-119.67596141458192j),(-0+0j)
557,184.3,(0.21784814337790043+239.93730537019186j),0j
558,185.1,(207.73688503203627-120.08710103242048j),-0j
559,185.2,(-207.8423831416118-119.7654061757296j),(-0+0j)
560,185.3,(0.16485228689130974+240.01357885991925j),0j
561,186.1,(207.73993661323382-120.08936019385911j),-0j
562,186.2,(-207.8451563105654-119.76948698655855j),(-0+0j)
563,186.3,(0.16376557773153508+240.0143301247442j),0j
564,187.1,(207.71717228177513-120.08480084782231j),-0j
565,187.2,(-207.61091625852066-119.67596141458156j),(-0+0j)
566,187.3,(0.21784814338116548+239.93730537018783j),0j
567,188.1,(207.71717228177366-120.0848008478213j),-0j
568,188.2,(-207.61091625852347-119.67596141458174j),(-0+0j)
569,188.3,(0.2178481433793738+239.93730537019005j),0j
570,189.1,(207.73514082556116-120.08580975299819j),-0j
571,189.2,(-207.84079806852162-119.76307368768353j),(-0+0j)
572,189.3,(0.16547342230615578+240.0131494559844j),0j
573,190.1,(207.7399366132335-120.08936019385945j),-0j
574,190.2,(-207.84515631056655-119.76948698655937j),(-0+0j)
575,190.3,(0.16376557773156447+240.01433012474405j),0j
576,191.1,(207.7171722817793-120.0848008478253j),-0j
577,191.2,(-207.61091625851253-119.67596141458117j),(-0+0j)
578,191.3,(0.21784814338625455+239.93730537018104j),0j
579,192.1,(207.7326731706228-120.08398288669042j),-0j
580,192.2,(-207.83855555108192-119.7597737482969j),(-0+0j)
581,192.3,(0.16635218746145347+240.0125419472086j),0j
582,193.1,(207.73993661323328-120.08936019385969j),-0j
583,193.2,(-207.84515631056743-119.76948698656004j),(-0+0j)
584,193.3,(0.16376557773163358+240.01433012474388j),0j
585,194.1,(207.71717228178088-120.08480084782639j),-0j
586,194.2,(-207.6109162585096-119.67596141458102j),(-0+0j)
587,194.3,(0.21784814338811792+239.93730537017854j),0j
588,195.1,(207.71717228177928-120.08480084782532j),-0j
589,195.2,(-207.61091625851262-119.6759614145812j),(-0+0j)
590,195.3,(0.21784814338622752+239.93730537018104j),0j
591,196.1,(207.7107745177144-120.07189260993593j),-0j
592,196.2,(-207.81994551056766-119.73647530488014j),(-0+0j)
593,196.3,(0.17225032778106164+240.0029657499154j),0j
594,197.1,(207.7399366132331-120.08936019385996j),-0j
595,197.2,(-207.8451563105683-119.76948698656079j),(-0+0j)
596,197.3,(0.16376557773173073+240.01433012474374j),0j
597,198.1,(207.71717228178102-120.08480084782651j),-0j
598,198.2,(-207.61091625850918-119.67596141458102j),(-0+0j)
599,198.3,(0.21784814338836098+239.93730537017805j),0j
600,199.1,(207.71717228178082-120.0848008478264j),-0j
601,199.2,(-207.61091625850966-119.67596141458105j),(-0+0j)
602,199.3,(0.21784814338807448+239.9373053701785j),0j
603,200.1,(207.69780299668722-120.06473101511999j),-0j
604,200.2,(-207.80892197716335-119.7226746272794j),(-0+0j)
605,200.3,(0.17574405186983708+239.99729335330414j),0j
606,201.1,(207.739936613233-120.08936019386014j),-0j
607,201.2,(-207.84515631056905-119.76948698656135j),(-0+0j)
608,201.3,(0.16376557773183972+240.01433012474354j),0j
609,202.1,(207.71717228178122-120.0848008478267j),-0j
610,202.2,(-207.61091625850867-119.67596141458108j),(-0+0j)
611,202.3,(0.21784814338869918+239.9373053701776j),0j
612,203.1,(207.717172281781-120.08480084782649j),-0j
613,203.2,(-207.6109162585092-119.67596141458098j),(-0+0j)
614,203.3,(0.21784814338831313+239.9373053701781j),0j
615,204.1,(207.68997311527832-120.06040812669457j),-0j
616,204.2,(-207.80226794182832-119.71434424961969j),(-0+0j)
617,204.3,(0.1778529368057907+239.9938693760637j),0j
618,205.1,(207.73993661323294-120.08936019386034j),-0j
619,205.2,(-207.84515631056968-119.76948698656182j),(-0+0j)
620,205.3,(0.16376557773192732+240.01433012474348j),0j
621,206.1,(207.71717228178142-120.08480084782687j),-0j
622,206.2,(-207.61091625850818-119.67596141458114j),(-0+0j)
623,206.3,(0.2178481433890188+239.93730537017723j),0j
624,207.1,(207.71717228178122-120.08480084782671j),-0j
625,207.2,(-207.61091625850864-119.67596141458108j),(-0+0j)
626,207.3,(0.2178481433886971+239.9373053701776j),0j
627,208.1,(207.68949256709422-120.06014281537323j),-0j
628,208.2,(-207.80185955957708-119.7138329841678j),(-0+0j)
629,208.3,(0.17798236671326417+239.9936592341778j),0j
630,209.1,(207.73993661323271-120.0893601938613j),-0j
631,209.2,(-207.84515631057297-119.76948698656359j),(-0+0j)
632,209.3,(0.16376557773295766+240.01433012474257j),0j
633,210.1,(207.73993661323175-120.08936019385962j),-0j
634,210.2,(-207.84515631057062-119.76948698656227j),(-0+0j)
635,210.3,(0.16376557773186437+240.01433012474413j),0j
636,211.1,(207.73993661323357-120.08936019385938j),-0j
637,211.2,(-207.845156310569-119.76948698656317j),(-0+0j)
638,211.3,(0.1637655777341307+240.01433012474462j),0j
639,212.1,(207.7399366132329-120.0893601938604j),-0j
640,212.2,(-207.84515631056968-119.76948698656186j),(-0+0j)
641,212.3,(0.16376557773190129+240.01433012474345j),0j
642,213.1,(207.71717228178161-120.08480084782722j),-0j
643,213.2,(-207.61091625850756-119.67596141458137j),(-0+0j)
644,213.3,(0.21784814338947867+239.9373053701766j),0j
645,214.1,(207.71717228178142-120.08480084782687j),-0j
646,214.2,(-207.6109162585082-119.67596141458111j),(-0+0j)
647,214.3,(0.21784814338901354+239.93730537017723j),0j
648,215.1,(207.6891343389408-120.05994503711102j),-0j
649,215.2,(-207.8015551280454-119.71345185760272j),(-0+0j)
650,215.3,(0.17807885118306546+239.99350258237433j),0j
651,216.1,(207.73993661323252-120.08936019386165j),-0j
652,216.2,(-207.84515631057428-119.76948698656427j),(-0+0j)
653,216.3,(0.16376557773338274+240.01433012474223j),0j
654,217.1,(207.73993661323107-120.08936019385924j),-0j
655,217.2,(-207.84515631057107-119.7694869865625j),(-0+0j)
656,217.3,(0.1637655777318304+240.0143301247445j),0j
657,218.1,(207.73993661323388-120.08936019385895j),-0j
658,218.2,(-207.84515631056885-119.76948698656378j),(-0+0j)
659,218.3,(0.16376557773503833+240.01433012474521j),0j
660,219.1,(207.73993661323354-120.08936019385939j),-0j
661,219.2,(-207.84515631056897-119.76948698656317j),(-0+0j)
662,219.3,(0.16376557773414585+240.01433012474462j),0j
663,220.1,(207.7171722817816-120.0848008478274j),-0j
664,220.2,(-207.61091625850722-119.6759614145815j),(-0+0j)
665,220.3,(0.2178481433896614+239.9373053701763j),0j
666,221.1,(207.71717228178164-120.08480084782722j),-0j
667,221.2,(-207.6109162585075-119.67596141458134j),(-0+0j)
668,221.3,(0.21784814338948566+239.9373053701766j),0j
669,222.1,(207.68889956786526-120.0598154196734j),-0j
670,222.2,(-207.8013556135252-119.71320207965329j),(-0+0j)
671,222.3,(0.17814208396513187+239.99339991787946j),0j
672,223.1,(207.73993661323246-120.08936019386182j),-0j
673,223.2,(-207.8451563105751-119.7694869865647j),(-0+0j)
674,223.3,(0.1637655777337065+240.014330124742j),0j
675,224.1,(207.7399366132307-120.08936019385901j),-0j
676,224.2,(-207.84515631057135-119.76948698656264j),(-0+0j)
677,224.3,(0.16376557773181433+240.01433012474462j),0j
678,225.1,(207.73993661323385-120.08936019385892j),-0j
679,225.2,(-207.84515631056885-119.76948698656376j),(-0+0j)
680,225.3,(0.16376557773506997+240.01433012474521j),0j
681,226.1,(207.73993661323388-120.08936019385895j),-0j
682,226.2,(-207.84515631056888-119.76948698656383j),(-0+0j)
683,226.3,(0.16376557773502057+240.0143301247452j),0j
684,227.1,(207.71717228178173-120.08480084782765j),-0j
685,227.2,(-207.61091625850653-119.67596141458168j),(-0+0j)
686,227.3,(0.21784814339016353+239.9373053701758j),0j
687,228.1,(207.7171722817815-120.08480084782744j),-0j
688,228.2,(-207.61091625850727-119.67596141458152j),(-0+0j)
689,228.3,(0.21784814338963607+239.93730537017626j),0j
690,229.1,(207.68864626875265-120.05967557288064j),-0j
691,229.2,(-207.80114035340085-119.71293258933046j),(-0+0j)
692,229.3,(0.17821030705241928+239.99328915114472j),0j
693,230.1,(207.73993661323243-120.08936019386194j),-0j
694,230.2,(-207.84515631057556-119.76948698656493j),(-0+0j)
695,230.3,(0.16376557773386952+240.01433012474186j),0j
696,231.1,(207.7399366132305-120.0893601938589j),-0j
697,231.2,(-207.84515631057153-119.76948698656274j),(-0+0j)
698,231.3,(0.16376557773180264+240.01433012474473j),0j
699,232.1,(207.73993661323382-120.08936019385894j),-0j
700,232.2,(-207.84515631056888-119.76948698656376j),(-0+0j)
701,232.3,(0.16376557773506717+240.01433012474533j),0j
702,233.1,(207.71717228178227-120.08480084782813j),-0j
703,233.2,(-207.61091625850537-119.67596141458203j),(-0+0j)
704,233.3,(0.21784814339105077+239.93730537017527j),0j
705,234.1,(207.71717228178176-120.08480084782768j),-0j
706,234.2,(-207.61091625850653-119.67596141458166j),(-0+0j)
707,234.3,(0.21784814339014455+239.9373053701758j),0j
708,235.1,(207.68680527284235-120.0586591564753j),-0j
709,235.2,(-207.79957582755495-119.71097391455645j),(-0+0j)
710,235.3,(0.17870615728747458+239.99248409066274j),0j
711,236.1,(207.73993661323237-120.08936019386229j),-0j
712,236.2,(-207.84515631057675-119.76948698656568j),(-0+0j)
713,236.3,(0.16376557773442085+240.0143301247415j),0j
714,237.1,(207.7399366132303-120.08936019385877j),-0j
715,237.2,(-207.84515631057155-119.7694869865628j),(-0+0j)
716,237.3,(0.1637655777317982+240.01433012474465j),0j
717,238.1,(207.7399366132304-120.08936019385884j),-0j
718,238.2,(-207.84515631057164-119.76948698656282j),(-0+0j)
719,238.3,(0.1637655777317962+240.0143301247449j),0j
720,239.1,(207.7399366132338-120.08936019385892j),-0j
721,239.2,(-207.84515631056883-119.7694869865637j),(-0+0j)
722,239.3,(0.16376557773505648+240.01433012474587j),0j
723,240.1,(207.71717228178235-120.08480084782832j),-0j
724,240.2,(-207.61091625850514-119.67596141458215j),(-0+0j)
725,240.3,(0.2178481433912131+239.93730537017507j),0j
726,241.1,(207.5460795513431-119.92013075592986j),(1.0000006149284377+0.32868433880167675j)
727,241.2,(-207.80312484502022-119.70700257477434j),(-0+0j)
728,241.3,(0.1751571398221885+239.99645543044485j),0j
729,242.1,(207.69202116129603-120.05757304155537j),-0j
730,242.2,(-207.60916204712763-119.65842600688408j),(1.000000842433058+0.32868468370186643j)
731,242.3,(0.18392204574119092+239.99357020558264j),0j
732,243.1,(207.68514018744486-120.06371589296636j),-0j
733,243.2,(-207.80124091295238-119.71603065104752j),(-0+0j)
734,243.3,(0.12908246306614687+239.80143858810206j),(1.0000003091972522+0.32868442303047873j)
735,244.1,(207.5460795513431-119.92013075592986j),(1.0000006149284377+0.32868433880167675j)
736,244.2,(-207.80312484502022-119.70700257477434j),(-0+0j)
737,244.3,(0.1751571398221885+239.99645543044485j),0j
738,245.1,(207.69202116129603-120.05757304155537j),-0j
739,245.2,(-207.60916204712763-119.65842600688408j),(1.000000842433058+0.32868468370186643j)
740,245.3,(0.18392204574119092+239.99357020558264j),0j
741,246.1,(207.68514018744486-120.06371589296636j),-0j
742,246.2,(-207.80124091295238-119.71603065104752j),(-0+0j)
743,246.3,(0.12908246306614687+239.80143858810206j),(1.0000003091972522+0.32868442303047873j)
744,247.1,(207.5460795513431-119.92013075592986j),(1.0000006149284377+0.32868433880167675j)
745,247.2,(-207.80312484502022-119.70700257477434j),(-0+0j)
746,247.3,(0.1751571398221885+239.99645543044485j),0j
747,248.1,(207.6890715258888-120.0581875263649j),-0j
748,248.2,(-207.71684222819766-119.68815258075075j),(1.0000006128723535+0.32868466664235496j)
749,248.3,(0.18097241033393224+239.99295572077318j),0j
750,249.1,(207.7399366132324-120.08936019386265j),-0j
751,249.2,(-207.84515631057795-119.76948698656643j),(-0+0j)
752,249.3,(0.163765577734868+240.01433012474112j),0j
753,250.1,(207.73993661323016-120.08936019385871j),-0j
754,250.2,(-207.84515631057164-119.76948698656285j),(-0+0j)
755,250.3,(0.1637655777317966+240.0143301247446j),0j
756,251.1,(207.73993661323027-120.08936019385875j),-0j
757,251.2,(-207.84515631057184-119.76948698656292j),(-0+0j)
758,251.3,(0.1637655777317913+240.01433012474507j),0j
759,252.1,(207.73993661323377-120.08936019385891j),-0j
760,252.2,(-207.84515631056883-119.7694869865637j),(-0+0j)
761,252.3,(0.16376557773505068+240.014330124746j),0j
762,253.1,(207.71717228178278-120.08480084782914j),-0j
763,253.2,(-207.61091625850398-119.67596141458286j),(-0+0j)
764,253.3,(0.21784814339200304+239.93730537017396j),0j
765,254.1,(207.73993661323235-120.08936019386309j),-0j
766,254.2,(-207.84515631057943-119.76948698656732j),(-0+0j)
767,254.3,(0.16376557773539077+240.01433012474078j),0j
768,255.1,(207.73993661323007-120.08936019385865j),-0j
769,255.2,(-207.8451563105717-119.7694869865629j),(-0+0j)
770,255.3,(0.1637655777317938+240.01433012474456j),0j
771,256.1,(207.73993661323016-120.08936019385868j),-0j
772,256.2,(-207.84515631057195-119.76948698656301j),(-0+0j)
773,256.3,(0.1637655777317853+240.0143301247452j),0j
774,257.1,(207.7399366132338-120.08936019385891j),-0j
775,257.2,(-207.84515631056883-119.7694869865637j),(-0+0j)
776,257.3,(0.1637655777350443+240.01433012474612j),0j
777,258.1,(207.71717228178326-120.08480084783018j),-0j
778,258.2,(-207.61091625850253-119.67596141458372j),(-0+0j)
779,258.3,(0.217848143392922+239.9373053701726j),0j
780,259.1,(207.73993661323235-120.08936019386323j),-0j
781,259.2,(-207.8451563105798-119.76948698656754j),(-0+0j)
782,259.3,(0.1637655777355219+240.0143301247407j),0j
783,260.1,(207.73993661322882-120.08936019385781j),-0j
784,260.2,(-207.84515631057388-119.76948698656425j),(-0+0j)
785,260.3,(0.16376557773172107+240.01433012474445j),0j
786,261.1,(207.73993661323019-120.08936019385868j),-0j
787,261.2,(-207.845156310572-119.76948698656302j),(-0+0j)
788,261.3,(0.16376557773178582+240.01433012474524j),0j
789,262.1,(207.73993661323377-120.08936019385894j),-0j
790,262.2,(-207.84515631056888-119.76948698656372j),(-0+0j)
791,262.3,(0.16376557773503758+240.0143301247462j),0j
792,263.1,(207.71717228178272-120.08480084783095j),-0j
793,263.2,(-207.6109162585015-119.67596141458395j),(-0+0j)
794,263.3,(0.2178481433924813+239.93730537017396j),0j
795,264.1,(207.71717228178358-120.08480084783054j),-0j
796,264.2,(-207.61091625850221-119.67596141458382j),(-0+0j)
797,264.3,(0.2178481433934981+239.93730537017194j),0j
798,265.1,(207.71717228178326-120.08480084783018j),-0j
799,265.2,(-207.61091625850256-119.67596141458375j),(-0+0j)
800,265.3,(0.21784814339291908+239.93730537017257j),0j
801,266.1,(207.71717228178323-120.08480084783017j),-0j
802,266.2,(-207.61091625850253-119.67596141458372j),(-0+0j)
803,266.3,(0.21784814339293287+239.9373053701726j),0j
804,267.1,(207.73993661323226-120.08936019386385j),-0j
805,267.2,(-207.84515631058156-119.76948698656858j),(-0+0j)
806,267.3,(0.16376557773624062+240.01433012474044j),0j
807,268.1,(207.7399366132287-120.08936019385777j),-0j
808,268.2,(-207.84515631057403-119.76948698656432j),(-0+0j)
809,268.3,(0.16376557773171432+240.01433012474448j),0j
810,269.1,(207.7399366132301-120.08936019385864j),-0j
811,269.2,(-207.84515631057207-119.76948698656305j),(-0+0j)
812,269.3,(0.16376557773178146+240.01433012474533j),0j
813,270.1,(207.73993661323382-120.08936019385897j),-0j
814,270.2,(-207.84515631056894-119.76948698656376j),(-0+0j)
815,270.3,(0.16376557773503717+240.0143301247463j),0j
816,271.1,(207.7171722817826-120.08480084783113j),-0j
817,271.2,(-207.61091625850122-119.67596141458405j),(-0+0j)
818,271.3,(0.21784814339241476+239.9373053701743j),0j
819,272.1,(207.7171722817827-120.08480084783099j),-0j
820,272.2,(-207.6109162585015-119.67596141458398j),(-0+0j)
821,272.3,(0.21784814339249015+239.9373053701739j),0j
822,273.1,(207.7171722817838-120.08480084783064j),-0j
823,273.2,(-207.61091625850196-119.67596141458381j),(-0+0j)
824,273.3,(0.2178481433939703+239.9373053701717j),0j
825,274.1,(207.7171722817836-120.08480084783055j),-0j
826,274.2,(-207.61091625850224-119.67596141458387j),(-0+0j)
827,274.3,(0.21784814339350023+239.9373053701719j),0j
828,275.1,(207.7399366132321-120.08936019386428j),-0j
829,275.2,(-207.84515631058298-119.76948698656942j),(-0+0j)
830,275.3,(0.16376557773680375+240.0143301247402j),0j
831,276.1,(207.73993661322865-120.08936019385774j),-0j
832,276.2,(-207.84515631057414-119.76948698656439j),(-0+0j)
833,276.3,(0.163765577731712+240.01433012474445j),0j
834,277.1,(207.7399366132301-120.08936019385864j),-0j
835,277.2,(-207.8451563105721-119.76948698656307j),(-0+0j)
836,277.3,(0.16376557773178105+240.01433012474536j),0j
837,278.1,(207.7399366132338-120.08936019385895j),-0j
838,278.2,(-207.84515631056897-119.76948698656376j),(-0+0j)
839,278.3,(0.16376557773503755+240.0143301247463j),0j
840,279.1,(207.71717228178255-120.0848008478313j),-0j
841,279.2,(-207.61091625850096-119.675961414584j),(-0+0j)
842,279.3,(0.21784814339242564+239.9373053701745j),0j
843,280.1,(207.7171722817826-120.08480084783115j),-0j
844,280.2,(-207.61091625850116-119.67596141458402j),(-0+0j)
845,280.3,(0.21784814339243477+239.9373053701743j),0j
846,281.1,(207.71717228178403-120.08480084783075j),-0j
847,281.2,(-207.61091625850162-119.67596141458385j),(-0+0j)
848,281.3,(0.21784814339439545+239.93730537017146j),0j
849,282.1,(207.71717228178377-120.08480084783062j),-0j
850,282.2,(-207.61091625850196-119.67596141458382j),(-0+0j)
851,282.3,(0.21784814339398445+239.93730537017169j),0j
852,283.1,(207.73993661323203-120.08936019386438j),-0j
853,283.2,(-207.84515631058343-119.76948698656969j),(-0+0j)
854,283.3,(0.16376557773694955+240.0143301247402j),0j
855,284.1,(207.7399366132286-120.08936019385766j),-0j
856,284.2,(-207.84515631057417-119.76948698656439j),(-0+0j)
857,284.3,(0.16376557773171213+240.01433012474436j),0j
858,285.1,(207.73993661323013-120.08936019385867j),-0j
859,285.2,(-207.84515631057215-119.7694869865631j),(-0+0j)
860,285.3,(0.16376557773177983+240.0143301247454j),0j
861,286.1,(207.71717228178244-120.08480084783127j),-0j
862,286.2,(-207.61091625850094-119.6759614145839j),(-0+0j)
863,286.3,(0.2178481433924675+239.93730537017473j),0j
864,287.1,(207.71717228178258-120.08480084783135j),-0j
865,287.2,(-207.610916258501-119.67596141458405j),(-0+0j)
866,287.3,(0.21784814339242098+239.93730537017447j),0j
867,288.1,(207.71717228178412-120.08480084783089j),-0j
868,288.2,(-207.6109162585014-119.67596141458391j),(-0+0j)
869,288.3,(0.21784814339462788+239.93730537017132j),0j
870,289.1,(207.717172281784-120.08480084783075j),-0j
871,289.2,(-207.61091625850162-119.6759614145839j),(-0+0j)
872,289.3,(0.21784814339441338+239.93730537017143j),0j
873,290.1,(207.73993661323004-120.08936019386594j),-0j
874,290.2,(-207.8451563105862-119.76948698657368j),(-0+0j)
875,290.3,(0.1637655777397076+240.01433012473598j),0j
876,291.1,(207.73993661323195-120.08936019386468j),-0j
877,291.2,(-207.84515631058454-119.7694869865707j),(-0+0j)
878,291.3,(0.16376557773711398+240.01433012474018j),0j
879,292.1,(207.73993661323198-120.08936019386438j),-0j
880,292.2,(-207.84515631058352-119.76948698656972j),(-0+0j)
881,292.3,(0.16376557773692166+240.01433012474018j),0j
882,293.1,(207.7399366132285-120.08936019385762j),-0j
883,293.2,(-207.84515631057423-119.76948698656443j),(-0+0j)
884,293.3,(0.16376557773171144+240.01433012474436j),0j
885,294.1,(207.7399366132301-120.08936019385865j),-0j
886,294.2,(-207.84515631057212-119.7694869865631j),(-0+0j)
887,294.3,(0.16376557773178008+240.0143301247454j),0j
888,295.1,(207.71717228178227-120.08480084783123j),-0j
889,295.2,(-207.61091625850094-119.67596141458374j),(-0+0j)
890,295.3,(0.21784814339249034+239.9373053701751j),0j
891,296.1,(207.7171722817824-120.08480084783127j),-0j
892,296.2,(-207.6109162585009-119.67596141458391j),(-0+0j)
893,296.3,(0.21784814339247632+239.93730537017467j),0j
894,297.1,(207.71717228178412-120.08480084783103j),-0j
895,297.2,(-207.6109162585012-119.67596141458392j),(-0+0j)
896,297.3,(0.21784814339479944+239.9373053701712j),0j
897,298.1,(207.71717228178414-120.0848008478309j),-0j
898,298.2,(-207.61091625850145-119.67596141458394j),(-0+0j)
899,298.3,(0.21784814339462094+239.93730537017132j),0j
900,299.1,(207.73993661322928-120.08936019386641j),-0j
901,299.2,(-207.8451563105872-119.76948698657502j),(-0+0j)
902,299.3,(0.163765577740649+240.01433012473453j),0j
903,300.1,(207.73993661323175-120.0893601938654j),-0j
904,300.2,(-207.84515631058673-119.76948698657287j),(-0+0j)
905,300.3,(0.16376557773739983+240.01433012473998j),0j
906,301.1,(207.73993661323192-120.08936019386465j),-0j
907,301.2,(-207.84515631058454-119.76948698657068j),(-0+0j)
908,301.3,(0.16376557773710154+240.01433012474018j),0j
909,302.1,(207.73993661322842-120.08936019385757j),-0j
910,302.2,(-207.84515631057425-119.76948698656446j),(-0+0j)
911,302.3,(0.16376557773171005+240.0143301247443j),0j
912,303.1,(207.71717228178235-120.08480084783122j),-0j
913,303.2,(-207.61091625850077-119.67596141458355j),(-0+0j)
914,303.3,(0.2178481433925991+239.93730537017524j),0j
915,304.1,(207.71717228178224-120.08480084783119j),-0j
916,304.2,(-207.61091625850088-119.67596141458372j),(-0+0j)
917,304.3,(0.21784814339249012+239.93730537017507j),0j
918,305.1,(207.7171722817842-120.08480084783119j),-0j
919,305.2,(-207.610916258501-119.67596141458385j),(-0+0j)
920,305.3,(0.21784814339503147+239.93730537017115j),0j
921,306.1,(207.71717228178414-120.08480084783105j),-0j
922,306.2,(-207.61091625850122-119.67596141458397j),(-0+0j)
923,306.3,(0.21784814339480083+239.93730537017115j),0j
924,307.1,(207.73993661322922-120.08936019386645j),-0j
925,307.2,(-207.84515631058736-119.76948698657517j),(-0+0j)
926,307.3,(0.16376557774071768+240.0143301247344j),0j
927,308.1,(207.73993661323084-120.08936019386805j),-0j
928,308.2,(-207.84515631059412-119.76948698658038j),(-0+0j)
929,308.3,(0.1637655777381763+240.0143301247393j),0j
930,309.1,(207.73993661323172-120.08936019386539j),-0j
931,309.2,(-207.8451563105867-119.76948698657289j),(-0+0j)
932,309.3,(0.16376557773741976+240.01433012474j),0j
933,310.1,(207.73993661322837-120.08936019385756j),-0j
934,310.2,(-207.84515631057428-119.76948698656449j),(-0+0j)
935,310.3,(0.16376557773170772+240.01433012474425j),0j
936,311.1,(207.71717228178235-120.08480084783118j),-0j
937,311.2,(-207.6109162585007-119.67596141458345j),(-0+0j)
938,311.3,(0.21784814339262454+239.9373053701754j),0j
939,312.1,(207.7171722817823-120.08480084783118j),-0j
940,312.2,(-207.61091625850082-119.67596141458358j),(-0+0j)
941,312.3,(0.21784814339260083+239.93730537017527j),0j
942,313.1,(207.7171722817845-120.0848008478315j),-0j
943,313.2,(-207.61091625850068-119.67596141458367j),(-0+0j)
944,313.3,(0.21784814339544942+239.93730537017112j),0j
945,314.1,(207.71717228178417-120.08480084783116j),-0j
946,314.2,(-207.610916258501-119.67596141458385j),(-0+0j)
947,314.3,(0.21784814339502226+239.93730537017115j),0j
948,315.1,(207.7399366132292-120.08936019386657j),-0j
949,315.2,(-207.8451563105875-119.76948698657546j),(-0+0j)
950,315.3,(0.16376557774080933+240.0143301247342j),0j
951,316.1,(207.7399366132309-120.08936019386802j),-0j
952,316.2,(-207.84515631059415-119.76948698658038j),(-0+0j)
953,316.3,(0.1637655777382143+240.01433012473944j),0j
954,317.1,(207.73993661323087-120.08936019386805j),-0j
955,317.2,(-207.84515631059412-119.76948698658038j),(-0+0j)
956,317.3,(0.16376557773818076+240.0143301247393j),0j
957,318.1,(207.73993661322837-120.08936019385754j),-0j
958,318.2,(-207.84515631057425-119.76948698656447j),(-0+0j)
959,318.3,(0.16376557773170775+240.0143301247442j),0j
960,319.1,(207.71717228178412-120.08480084782916j),-0j
961,319.2,(-207.61091625849573-119.67596141457813j),(-0+0j)
962,319.3,(0.21784814339511482+239.93730537018027j),0j
963,320.1,(207.7171722817823-120.08480084783113j),-0j
964,320.2,(-207.6109162585007-119.67596141458343j),(-0+0j)
965,320.3,(0.2178481433926285+239.9373053701754j),0j
966,321.1,(207.7171722817848-120.0848008478318j),-0j
967,321.2,(-207.61091625850054-119.67596141458358j),(-0+0j)
968,321.3,(0.21784814339576822+239.9373053701711j),0j
969,322.1,(207.7171722817845-120.0848008478315j),-0j
970,322.2,(-207.6109162585007-119.67596141458371j),(-0+0j)
971,322.3,(0.21784814339546502+239.9373053701711j),0j
972,323.1,(207.7399366132291-120.08936019386653j),-0j
973,323.2,(-207.84515631058764-119.7694869865756j),(-0+0j)
974,323.3,(0.1637655777408287+240.0143301247342j),0j
975,324.1,(207.7399366132311-120.08936019386789j),-0j
976,324.2,(-207.84515631059415-119.76948698658033j),(-0+0j)
977,324.3,(0.16376557773836695+240.01433012473973j),0j
978,325.1,(207.7399366132309-120.08936019386802j),-0j
979,325.2,(-207.84515631059415-119.76948698658035j),(-0+0j)
980,325.3,(0.16376557773823613+240.0143301247394j),0j
981,326.1,(207.7399366132283-120.08936019385753j),-0j
982,326.2,(-207.8451563105742-119.76948698656446j),(-0+0j)
983,326.3,(0.1637655777317084+240.01433012474413j),0j
984,327.1,(207.71717228178738-120.08480084782542j),-0j
985,327.2,(-207.6109162584868-119.67596141456843j),(-0+0j)
986,327.3,(0.21784814339962585+239.9373053701892j),0j
987,328.1,(207.71717228178417-120.0848008478292j),-0j
988,328.2,(-207.61091625849573-119.67596141457815j),(-0+0j)
989,328.3,(0.21784814339511907+239.9373053701802j),0j
990,329.1,(207.71717228178505-120.08480084783196j),-0j
991,329.2,(-207.6109162585004-119.67596141458336j),(-0+0j)
992,329.3,(0.21784814339603834+239.93730537017117j),0j
993,330.1,(207.71717228178483-120.0848008478318j),-0j
994,330.2,(-207.61091625850057-119.67596141458361j),(-0+0j)
995,330.3,(0.21784814339576944+239.9373053701711j),0j
996,331.1,(207.7399366132291-120.08936019386658j),-0j
997,331.2,(-207.84515631058767-119.76948698657573j),(-0+0j)
998,331.3,(0.1637655777408937+240.0143301247341j),0j
999,332.1,(207.73993661323118-120.08936019386768j),-0j
1000,332.2,(-207.84515631059418-119.76948698658029j),(-0+0j)
1001,332.3,(0.16376557773839473+240.01433012473998j),0j
1002,333.1,(207.73993661323107-120.08936019386788j),-0j
1003,333.2,(-207.84515631059412-119.76948698658033j),(-0+0j)
1004,333.3,(0.16376557773837447+240.01433012473973j),0j
1005,334.1,(207.7399366132283-120.0893601938575j),-0j
1006,334.2,(-207.84515631057417-119.76948698656444j),(-0+0j)
1007,334.3,(0.16376557773170855+240.01433012474413j),0j
1008,335.1,(207.7171722817874-120.08480084782538j),-0j
1009,335.2,(-207.61091625848667-119.6759614145683j),(-0+0j)
1010,335.3,(0.2178481433996984+239.93730537018925j),0j
1011,336.1,(207.71717228178736-120.08480084782539j),-0j
1012,336.2,(-207.6109162584868-119.67596141456843j),(-0+0j)
1013,336.3,(0.217848143399616+239.9373053701892j),0j
1014,337.1,(207.71717228178534-120.08480084783207j),-0j
1015,337.2,(-207.61091625850017-119.67596141458306j),(-0+0j)
1016,337.3,(0.21784814339629732+239.93730537017132j),0j
1017,338.1,(207.717172281785-120.08480084783193j),-0j
1018,338.2,(-207.61091625850042-119.67596141458336j),(-0+0j)
1019,338.3,(0.2178481433960323+239.9373053701712j),0j
1020,339.1,(207.73993661322908-120.08936019386661j),-0j
1021,339.2,(-207.84515631058775-119.76948698657583j),(-0+0j)
1022,339.3,(0.1637655777409077+240.01433012473404j),0j
1023,340.1,(207.73993661323107-120.08936019386732j),-0j
1024,340.2,(-207.84515631059426-119.76948698658019j),(-0+0j)
1025,340.3,(0.16376557773855982+240.0143301247404j),0j
1026,341.1,(207.73993661323115-120.08936019386763j),-0j
1027,341.2,(-207.84515631059418-119.7694869865803j),(-0+0j)
1028,341.3,(0.16376557773838837+240.01433012474j),0j
1029,342.1,(207.73993661322834-120.0893601938575j),-0j
1030,342.2,(-207.8451563105742-119.76948698656444j),(-0+0j)
1031,342.3,(0.16376557773170813+240.01433012474413j),0j
1032,343.1,(207.7171722817875-120.08480084782536j),-0j
1033,343.2,(-207.6109162584865-119.67596141456823j),(-0+0j)
1034,343.3,(0.21784814339976247+239.93730537018934j),0j
1035,344.1,(207.7171722817874-120.08480084782538j),-0j
1036,344.2,(-207.6109162584867-119.6759614145683j),(-0+0j)
1037,344.3,(0.21784814339971287+239.93730537018925j),0j
1038,345.1,(207.7171722817871-120.08480084783271j),-0j
1039,345.2,(-207.6109162584984-119.67596141458101j),(-0+0j)
1040,345.3,(0.2178481433984741+239.93730537017248j),0j
1041,346.1,(207.7171722817854-120.08480084783211j),-0j
1042,346.2,(-207.61091625850014-119.67596141458306j),(-0+0j)
1043,346.3,(0.21784814339632289+239.9373053701713j),0j
1044,347.1,(207.73993661322905-120.08936019386663j),-0j
1045,347.2,(-207.84515631058778-119.76948698657584j),(-0+0j)
1046,347.3,(0.1637655777408794+240.0143301247341j),0j
1047,348.1,(207.73993661323112-120.08936019386717j),-0j
1048,348.2,(-207.84515631059432-119.76948698658015j),(-0+0j)
1049,348.3,(0.16376557773869257+240.01433012474055j),0j
1050,349.1,(207.73993661323107-120.08936019386735j),-0j
1051,349.2,(-207.84515631059426-119.76948698658019j),(-0+0j)
1052,349.3,(0.16376557773856817+240.0143301247404j),0j
1053,350.1,(207.7171722817876-120.0848008478255j),-0j
1054,350.2,(-207.6109162584864-119.67596141456828j),(-0+0j)
1055,350.3,(0.21784814339991243+239.93730537018928j),0j
1056,351.1,(207.71717228178744-120.08480084782535j),-0j
1057,351.2,(-207.61091625848647-119.67596141456825j),(-0+0j)
1058,351.3,(0.2178481433997682+239.93730537018934j),0j
1059,352.1,(207.71717228178724-120.08480084783278j),-0j
1060,352.2,(-207.61091625849824-119.67596141458081j),(-0+0j)
1061,352.3,(0.2178481433987047+239.93730537017265j),0j
1062,353.1,(207.71717228178704-120.08480084783272j),-0j
1063,353.2,(-207.6109162584984-119.67596141458102j),(-0+0j)
1064,353.3,(0.21784814339846756+239.93730537017248j),0j
1065,354.1,(207.73993661322874-120.08936019386671j),-0j
1066,354.2,(-207.845156310588-119.76948698657603j),(-0+0j)
1067,354.3,(0.16376557774073947+240.0143301247337j),0j
1068,355.1,(207.7399366132311-120.08936019386708j),-0j
1069,355.2,(-207.84515631059432-119.76948698658013j),(-0+0j)
1070,355.3,(0.16376557773866798+240.0143301247406j),0j
1071,356.1,(207.73993661323118-120.08936019386715j),-0j
1072,356.2,(-207.84515631059432-119.76948698658012j),(-0+0j)
1073,356.3,(0.16376557773866504+240.0143301247406j),0j
1074,357.1,(207.71717228178764-120.08480084782556j),-0j
1075,357.2,(-207.61091625848636-119.67596141456829j),(-0+0j)
1076,357.3,(0.21784814339999886+239.9373053701893j),0j
1077,358.1,(207.71717228178767-120.08480084782549j),-0j
1078,358.2,(-207.61091625848636-119.67596141456823j),(-0+0j)
1079,358.3,(0.21784814339990657+239.93730537018934j),0j
1080,359.1,(207.7171722817873-120.08480084783278j),-0j
1081,359.2,(-207.61091625849804-119.67596141458068j),(-0+0j)
1082,359.3,(0.21784814339878675+239.9373053701728j),0j
1083,360.1,(207.71717228178724-120.08480084783281j),-0j
1084,360.2,(-207.61091625849824-119.67596141458087j),(-0+0j)
1085,360.3,(0.2178481433987028+239.93730537017262j),0j
1086,361.1,(207.73993661322874-120.08936019386672j),-0j
1087,361.2,(-207.84515631058804-119.76948698657604j),(-0+0j)
1088,361.3,(0.16376557774074565+240.01433012473373j),0j
1089,362.1,(207.73993661323047-120.08936019386725j),-0j
1090,362.2,(-207.84515631059472-119.76948698657979j),(-0+0j)
1091,362.3,(0.16376557773900413+240.0143301247419j),0j
1092,363.1,(207.7399366132311-120.08936019386705j),-0j
1093,363.2,(-207.84515631059432-119.76948698658012j),(-0+0j)
1094,363.3,(0.16376557773863737+240.01433012474064j),0j
1095,364.1,(207.71717228178773-120.08480084782562j),-0j
1096,364.2,(-207.6109162584862-119.67596141456822j),(-0+0j)
1097,364.3,(0.21784814340003752+239.93730537018936j),0j
1098,365.1,(207.71717228178767-120.08480084782556j),-0j
1099,365.2,(-207.61091625848636-119.67596141456829j),(-0+0j)
1100,365.3,(0.21784814339998954+239.9373053701893j),0j
1101,366.1,(207.7171722817876-120.08480084783302j),-0j
1102,366.2,(-207.61091625849753-119.67596141458056j),(-0+0j)
1103,366.3,(0.21784814339927389+239.93730537017268j),0j
1104,367.1,(207.7171722817873-120.08480084783281j),-0j
1105,367.2,(-207.6109162584981-119.67596141458071j),(-0+0j)
1106,367.3,(0.21784814339877198+239.9373053701728j),0j
1107,368.1,(207.7399366132304-120.08936019386725j),-0j
1108,368.2,(-207.84515631059486-119.76948698657975j),(-0+0j)
1109,368.3,(0.1637655777390497+240.01433012474212j),0j
1110,369.1,(207.73993661323047-120.08936019386722j),-0j
1111,369.2,(-207.8451563105947-119.76948698657975j),(-0+0j)
1112,369.3,(0.16376557773896944+240.0143301247419j),0j
1113,370.1,(207.71717228178773-120.08480084782569j),-0j
1114,370.2,(-207.61091625848613-119.67596141456825j),(-0+0j)
1115,370.3,(0.21784814340017147+239.93730537018942j),0j
1116,371.1,(207.71717228178778-120.08480084782568j),-0j
1117,371.2,(-207.61091625848618-119.67596141456823j),(-0+0j)
1118,371.3,(0.21784814340005876+239.93730537018934j),0j
1119,372.1,(207.71717228178767-120.0848008478331j),-0j
1120,372.2,(-207.6109162584974-119.67596141458057j),(-0+0j)
1121,372.3,(0.21784814339941705+239.93730537017257j),0j
1122,373.1,(207.7171722817876-120.08480084783304j),-0j
1123,373.2,(-207.61091625849744-119.67596141458054j),(-0+0j)
1124,373.3,(0.21784814339929776+239.93730537017268j),0j
1125,374.1,(207.7399366132304-120.08936019386736j),-0j
1126,374.2,(-207.8451563105949-119.7694869865798j),(-0+0j)
1127,374.3,(0.16376557773907843+240.01433012474206j),0j
1128,375.1,(207.7399366132304-120.0893601938673j),-0j
1129,375.2,(-207.84515631059486-119.76948698657975j),(-0+0j)
1130,375.3,(0.16376557773903863+240.01433012474212j),0j
1131,376.1,(207.7171722817877-120.0848008478257j),-0j
1132,376.2,(-207.61091625848613-119.67596141456828j),(-0+0j)
1133,376.3,(0.21784814340018335+239.9373053701894j),0j
1134,377.1,(207.7171722817877-120.0848008478257j),-0j
1135,377.2,(-207.61091625848613-119.67596141456828j),(-0+0j)
1136,377.3,(0.21784814340018335+239.9373053701894j),0j
1137,378.1,(207.7171722817876-120.08480084783304j),-0j
1138,378.2,(-207.61091625849738-119.67596141458054j),(-0+0j)
1139,378.3,(0.2178481433994092+239.93730537017257j),0j
1140,379.1,(207.71717228178767-120.08480084783311j),-0j
1141,379.2,(-207.61091625849744-119.67596141458061j),(-0+0j)
1142,379.3,(0.21784814339940844+239.9373053701725j),0j
1143,380.1,(207.7399366132304-120.08936019386739j),-0j
1144,380.2,(-207.84515631059486-119.76948698657982j),(-0+0j)
1145,380.3,(0.16376557773908013+240.014330124742j),0j
1146,381.1,(207.7399366132304-120.08936019386739j),-0j
1147,381.2,(-207.84515631059486-119.76948698657982j),(-0+0j)
1148,381.3,(0.16376557773908013+240.014330124742j),0j
1149,382.1,(207.7171722817876-120.08480084783302j),-0j
1150,382.2,(-207.61091625849735-119.67596141458056j),(-0+0j)
1151,382.3,(0.2178481433994373+239.93730537017254j),0j
